declaration;AOC;AOC_ALSACE;;TRANQ;AOC Alsace blanc;ALSACEBLANC;;DEFAUT;;;;;Chasselas;CH;;L387;Vins Tranquilles;3.77;1900-01-01;G;0;1900-01-01;C;;;;;;;;;;;1B001S 5;cepage;;%a% %l% %ce% %m%;certification;
declaration;AOC;AOC_ALSACE;;TRANQ;AOC Alsace blanc;ALSACEBLANC;;DEFAUT;;;;;Sylvaner;SY;;L387;Vins Tranquilles;3.77;1900-01-01;G;0;1900-01-01;C;;;;;;;;;;;1B001S 8;cepage;;%a% %l% %ce% %m%;certification;
declaration;AOC;AOC_ALSACE;;TRANQ;AOC Alsace blanc;ALSACEBLANC;;DEFAUT;;;;;Auxerrois;AU;;L387;Vins Tranquilles;3.77;1900-01-01;G;0;1900-01-01;C;;;;;;;;;;;1B001S0A;cepage;;%a% %l% %ce% %m%;certification;
declaration;AOC;AOC_ALSACE;;TRANQ;AOC Alsace blanc;ALSACEBLANC;;DEFAUT;;;;;Pinot Blanc;PB;;L387;Vins Tranquilles;3.77;1900-01-01;G;0;1900-01-01;C;;;;;;;;;;;1B001S06;cepage;;%a% %l% %ce% %m%;certification;
declaration;AOC;AOC_ALSACE;;TRANQ;AOC Alsace blanc;ALSACEBLANC;;DEFAUT;;;;;Pinot;PI;;L387;Vins Tranquilles;3.77;1900-01-01;G;0;1900-01-01;C;;;;;;;;;;;1B001S 7;cepage;;%a% %l% %ce% %m%;certification;
declaration;AOC;AOC_ALSACE;;TRANQ;AOC Alsace blanc;ALSACEBLANC;;DEFAUT;;;;;Assemblage;ED;;L387;Vins Tranquilles;3.77;1900-01-01;G;0;1900-01-01;C;;;;;;;;;;;1B001S 9;cepage;;%a% %l% %ce% %m%;certification;
declaration;AOC;AOC_ALSACE;;TRANQ;AOC Alsace blanc;ALSACEBLANC;;DEFAUT;;;;;Riesling;RI;;L387;Vins Tranquilles;3.77;1900-01-01;G;0;1900-01-01;C;;;;;;;;;;;1B001S 4;cepage;;%a% %l% %ce% %m%;certification;
declaration;AOC;AOC_ALSACE;;TRANQ;AOC Alsace blanc;ALSACEBLANC;;DEFAUT;;;;;Pinot Gris;PG;;L387;Vins Tranquilles;3.77;1900-01-01;G;0;1900-01-01;C;;;;;;;;;;;1B001S 3;cepage;;%a% %l% %ce% %m%;certification;
declaration;AOC;AOC_ALSACE;;TRANQ;AOC Alsace blanc;ALSACEBLANC;;DEFAUT;;;;;Muscat;MU;;L387;Vins Tranquilles;3.77;1900-01-01;G;0;1900-01-01;C;;;;;;;;;;;1B001S 2;cepage;;%a% %l% %ce% %m%;certification;
declaration;AOC;AOC_ALSACE;;TRANQ;AOC Alsace blanc;ALSACEBLANC;;DEFAUT;;;;;Muscat Ottonel;MO;;L387;Vins Tranquilles;3.77;1900-01-01;G;0;1900-01-01;C;;;;;;;;;;;1B001S00;cepage;;%a% %l% %ce% %m%;certification;
declaration;AOC;AOC_ALSACE;;TRANQ;AOC Alsace blanc;ALSACEBLANC;;DEFAUT;;;;;Gewurzt.;GW;;L387;Vins Tranquilles;3.77;1900-01-01;G;0;1900-01-01;C;;;;;;;;;;;1B001S 1;cepage;;%a% %l% %ce% %m%;certification;
declaration;AOC;AOC_ALSACE;;TRANQ;AOC Alsace Lieu-dit;LIEUDIT;;DEFAUT;;;Blanc;blanc;Chasselas;CH;;L387;Vins Tranquilles;3.77;1900-01-01;G;0;1900-01-01;C;;;;;;;;;;;1B070S05;cepage;;%a% %l% %ce% %m%;certification;
declaration;AOC;AOC_ALSACE;;TRANQ;AOC Alsace Lieu-dit;LIEUDIT;;DEFAUT;;;Blanc;blanc;Sylvaner;SY;;L387;Vins Tranquilles;3.77;1900-01-01;G;0;1900-01-01;C;;;;;;;;;;;1B070S08;cepage;;%a% %l% %ce% %m%;certification;
declaration;AOC;AOC_ALSACE;;TRANQ;AOC Alsace Lieu-dit;LIEUDIT;;DEFAUT;;;Blanc;blanc;Auxerrois;AU;;L387;Vins Tranquilles;3.77;1900-01-01;G;0;1900-01-01;C;;;;;;;;;;;1B070S0A;cepage;;%a% %l% %ce% %m%;certification;
declaration;AOC;AOC_ALSACE;;TRANQ;AOC Alsace Lieu-dit;LIEUDIT;;DEFAUT;;;Blanc;blanc;Pinot Blanc;PB;;L387;Vins Tranquilles;3.77;1900-01-01;G;0;1900-01-01;C;;;;;;;;;;;1B070S06;cepage;;%a% %l% %ce% %m%;certification;
declaration;AOC;AOC_ALSACE;;TRANQ;AOC Alsace Lieu-dit;LIEUDIT;;DEFAUT;;;Blanc;blanc;Pinot;PI;;L387;Vins Tranquilles;3.77;1900-01-01;G;0;1900-01-01;C;;;;;;;;;;;1B070S07;cepage;;%a% %l% %ce% %m%;certification;
declaration;AOC;AOC_ALSACE;;TRANQ;AOC Alsace Lieu-dit;LIEUDIT;;DEFAUT;;;Blanc;blanc;Assemblage;ED;;L387;Vins Tranquilles;3.77;1900-01-01;G;0;1900-01-01;C;;;;;;;;;;;1B070S09;cepage;;%a% %l% %ce% %m%;certification;
declaration;AOC;AOC_ALSACE;;TRANQ;AOC Alsace Lieu-dit;LIEUDIT;;DEFAUT;;;Blanc;blanc;Riesling;RI;;L387;Vins Tranquilles;3.77;1900-01-01;G;0;1900-01-01;C;;;;;;;;;;;1B070S04;cepage;;%a% %l% %ce% %m%;certification;
declaration;AOC;AOC_ALSACE;;TRANQ;AOC Alsace Lieu-dit;LIEUDIT;;DEFAUT;;;Blanc;blanc;Pinot Gris;PG;;L387;Vins Tranquilles;3.77;1900-01-01;G;0;1900-01-01;C;;;;;;;;;;;1B070S03;cepage;;%a% %l% %ce% %m%;certification;
declaration;AOC;AOC_ALSACE;;TRANQ;AOC Alsace Lieu-dit;LIEUDIT;;DEFAUT;;;Blanc;blanc;Muscat;MU;;L387;Vins Tranquilles;3.77;1900-01-01;G;0;1900-01-01;C;;;;;;;;;;;1B070S02;cepage;;%a% %l% %ce% %m%;certification;
declaration;AOC;AOC_ALSACE;;TRANQ;AOC Alsace Lieu-dit;LIEUDIT;;DEFAUT;;;Blanc;blanc;Muscat Ottonel;MO;;L387;Vins Tranquilles;3.77;1900-01-01;G;0;1900-01-01;C;;;;;;;;;;;1B070S00;cepage;;%a% %l% %ce% %m%;certification;
declaration;AOC;AOC_ALSACE;;TRANQ;AOC Alsace Lieu-dit;LIEUDIT;;DEFAUT;;;Blanc;blanc;Gewurzt.;GW;;L387;Vins Tranquilles;3.77;1900-01-01;G;0;1900-01-01;C;;;;;;;;;;;1B070S01;cepage;;%a% %l% %ce% %m%;certification;
declaration;AOC;AOC_ALSACE;;TRANQ;AOC Alsace Lieu-dit;LIEUDIT;;DEFAUT;;;Rouge;rouge;Pinot noir;PR;;L387;Vins Tranquilles;3.77;1900-01-01;G;0;1900-01-01;C;;;;;;;;;;;1R070S 1;cepage;;%a% %l% %ce% %m%;certification;
declaration;AOC;AOC_ALSACE;;TRANQ;AOC Alsace Communale;COMMUNALE;;DEFAUT;Blienschwiller;BLIE;Blanc;blanc;Sylvaner;SY;;L387;Vins Tranquilles;3.77;1900-01-01;G;0;1900-01-01;C;;;;;;;;;;;1B055S 1;cepage;;%a% %l% %ce% %m%;certification;
declaration;AOC;AOC_ALSACE;;TRANQ;AOC Alsace Communale;COMMUNALE;;DEFAUT;Côtes de Barr;BARR;Blanc;blanc;Sylvaner;SY;;L387;Vins Tranquilles;3.77;1900-01-01;G;0;1900-01-01;C;;;;;;;;;;;1B056S 1;cepage;;%a% %l% %ce% %m%;certification;
declaration;AOC;AOC_ALSACE;;TRANQ;AOC Alsace Communale;COMMUNALE;;DEFAUT;Côte de Rouffach;ROUF;Blanc;blanc;Riesling;RI;;L387;Vins Tranquilles;3.77;1900-01-01;G;0;1900-01-01;C;;;;;;;;;;;1B057S04;cepage;;%a% %l% %ce% %m%;certification;
declaration;AOC;AOC_ALSACE;;TRANQ;AOC Alsace Communale;COMMUNALE;;DEFAUT;Côte de Rouffach;ROUF;Blanc;blanc;Pinot Gris;PG;;L387;Vins Tranquilles;3.77;1900-01-01;G;0;1900-01-01;C;;;;;;;;;;;1B057S03;cepage;;%a% %l% %ce% %m%;certification;
declaration;AOC;AOC_ALSACE;;TRANQ;AOC Alsace Communale;COMMUNALE;;DEFAUT;Côte de Rouffach;ROUF;Blanc;blanc;Gewurzt.;GW;;L387;Vins Tranquilles;3.77;1900-01-01;G;0;1900-01-01;C;;;;;;;;;;;1B057S01;cepage;;%a% %l% %ce% %m%;certification;
declaration;AOC;AOC_ALSACE;;TRANQ;AOC Alsace Communale;COMMUNALE;;DEFAUT;Côte de Rouffach;ROUF;Rouge;rouge;Pinot noir;PR;;L387;Vins Tranquilles;3.77;1900-01-01;G;0;1900-01-01;C;;;;;;;;;;;1R057S 1;cepage;;%a% %l% %ce% %m%;certification;
declaration;AOC;AOC_ALSACE;;TRANQ;AOC Alsace Communale;COMMUNALE;;DEFAUT;Klevener de Heiligenstein;KLEV;Blanc;blanc;Klevener;KL;;L387;Vins Tranquilles;3.77;1900-01-01;G;0;1900-01-01;C;;;;;;;;;;;1B054S 1;cepage;;%a% %l% %ce% %m%;certification;
declaration;AOC;AOC_ALSACE;;TRANQ;AOC Alsace Communale;COMMUNALE;;DEFAUT;Ottrott;OTTR;Rouge;rouge;Pinot noir;PR;;L387;Vins Tranquilles;3.77;1900-01-01;G;0;1900-01-01;C;;;;;;;;;;;1R058S 1;cepage;;%a% %l% %ce% %m%;certification;
declaration;AOC;AOC_ALSACE;;TRANQ;AOC Alsace Communale;COMMUNALE;;DEFAUT;Rodern;RODE;Rouge;rouge;Pinot noir;PR;;L387;Vins Tranquilles;3.77;1900-01-01;G;0;1900-01-01;C;;;;;;;;;;;1R059S 1;cepage;;%a% %l% %ce% %m%;certification;
declaration;AOC;AOC_ALSACE;;TRANQ;AOC Alsace Communale;COMMUNALE;;DEFAUT;Saint Hippolyte;STHI;Rouge;rouge;Pinot noir;PR;;L387;Vins Tranquilles;3.77;1900-01-01;G;0;1900-01-01;C;;;;;;;;;;;1R060S 1;cepage;;%a% %l% %ce% %m%;certification;
declaration;AOC;AOC_ALSACE;;TRANQ;AOC Alsace Communale;COMMUNALE;;DEFAUT;Vallée Noble;NOBL;Blanc;blanc;Riesling;RI;;L387;Vins Tranquilles;3.77;1900-01-01;G;0;1900-01-01;C;;;;;;;;;;;1B062S04;cepage;;%a% %l% %ce% %m%;certification;
declaration;AOC;AOC_ALSACE;;TRANQ;AOC Alsace Communale;COMMUNALE;;DEFAUT;Vallée Noble;NOBL;Blanc;blanc;Pinot Gris;PG;;L387;Vins Tranquilles;3.77;1900-01-01;G;0;1900-01-01;C;;;;;;;;;;;1B062S03;cepage;;%a% %l% %ce% %m%;certification;
declaration;AOC;AOC_ALSACE;;TRANQ;AOC Alsace Communale;COMMUNALE;;DEFAUT;Vallée Noble;NOBL;Blanc;blanc;Gewurzt.;GW;;L387;Vins Tranquilles;3.77;1900-01-01;G;0;1900-01-01;C;;;;;;;;;;;1B062S01;cepage;;%a% %l% %ce% %m%;certification;
declaration;AOC;AOC_ALSACE;;TRANQ;AOC Alsace Communale;COMMUNALE;;DEFAUT;Val Saint Grégoire;STGR;Blanc;blanc;Auxerrois;AU;;L387;Vins Tranquilles;3.77;1900-01-01;G;0;1900-01-01;C;;;;;;;;;;;1B063S0A;cepage;;%a% %l% %ce% %m%;certification;
declaration;AOC;AOC_ALSACE;;TRANQ;AOC Alsace Communale;COMMUNALE;;DEFAUT;Val Saint Grégoire;STGR;Blanc;blanc;Pinot Blanc;PB;;L387;Vins Tranquilles;3.77;1900-01-01;G;0;1900-01-01;C;;;;;;;;;;;1B063S06;cepage;;%a% %l% %ce% %m%;certification;
declaration;AOC;AOC_ALSACE;;TRANQ;AOC Alsace Communale;COMMUNALE;;DEFAUT;Val Saint Grégoire;STGR;Blanc;blanc;Pinot Gris;PG;;L387;Vins Tranquilles;3.77;1900-01-01;G;0;1900-01-01;C;;;;;;;;;;;1B063S03;cepage;;%a% %l% %ce% %m%;certification;
declaration;AOC;AOC_ALSACE;;TRANQ;AOC Alsace Communale;COMMUNALE;;DEFAUT;Scherwiller;SCHE;Blanc;blanc;Riesling;RI;;L387;Vins Tranquilles;3.77;1900-01-01;G;0;1900-01-01;C;;;;;;;;;;;1B061S 4;cepage;;%a% %l% %ce% %m%;certification;
declaration;AOC;AOC_ALSACE;;TRANQ;AOC Alsace Communale;COMMUNALE;;DEFAUT;Wolxheim;WOLX;Blanc;blanc;Riesling;RI;;L387;Vins Tranquilles;3.77;1900-01-01;G;0;1900-01-01;C;;;;;;;;;;;1B064S 4;cepage;;%a% %l% %ce% %m%;certification;
declaration;AOC;AOC_ALSACE;;TRANQ;AOC Alsace Grand Cru;GRDCRU;;DEFAUT;Altenberg de Bergbieten;01;;;Riesling;RI;;L387;Vins Tranquilles;3.77;1900-01-01;G;0;1900-01-01;C;;;;;;;;;;;1B002S 4;cepage;;%a% %l% %ce% %m%;certification;
declaration;AOC;AOC_ALSACE;;TRANQ;AOC Alsace Grand Cru;GRDCRU;;DEFAUT;Altenberg de Bergbieten;01;;;Pinot Gris;PG;;L387;Vins Tranquilles;3.77;1900-01-01;G;0;1900-01-01;C;;;;;;;;;;;1B002S 3;cepage;;%a% %l% %ce% %m%;certification;
declaration;AOC;AOC_ALSACE;;TRANQ;AOC Alsace Grand Cru;GRDCRU;;DEFAUT;Altenberg de Bergbieten;01;;;Muscat;MU;;L387;Vins Tranquilles;3.77;1900-01-01;G;0;1900-01-01;C;;;;;;;;;;;1B002S 2;cepage;;%a% %l% %ce% %m%;certification;
declaration;AOC;AOC_ALSACE;;TRANQ;AOC Alsace Grand Cru;GRDCRU;;DEFAUT;Altenberg de Bergbieten;01;;;Muscat Ottonel;MO;;L387;Vins Tranquilles;3.77;1900-01-01;G;0;1900-01-01;C;;;;;;;;;;;1B002S00;cepage;;%a% %l% %ce% %m%;certification;
declaration;AOC;AOC_ALSACE;;TRANQ;AOC Alsace Grand Cru;GRDCRU;;DEFAUT;Altenberg de Bergbieten;01;;;Gewurzt.;GW;;L387;Vins Tranquilles;3.77;1900-01-01;G;0;1900-01-01;C;;;;;;;;;;;1B002S 1;cepage;;%a% %l% %ce% %m%;certification;
declaration;AOC;AOC_ALSACE;;TRANQ;AOC Alsace Grand Cru;GRDCRU;;DEFAUT;Altenberg de Bergheim;02;;;Assemblage;ED;;L387;Vins Tranquilles;3.77;1900-01-01;G;0;1900-01-01;C;;;;;;;;;;;1B003S 9;cepage;;%a% %l% %ce% %m%;certification;
declaration;AOC;AOC_ALSACE;;TRANQ;AOC Alsace Grand Cru;GRDCRU;;DEFAUT;Altenberg de Bergheim;02;;;Riesling;RI;;L387;Vins Tranquilles;3.77;1900-01-01;G;0;1900-01-01;C;;;;;;;;;;;1B003S 4;cepage;;%a% %l% %ce% %m%;certification;
declaration;AOC;AOC_ALSACE;;TRANQ;AOC Alsace Grand Cru;GRDCRU;;DEFAUT;Altenberg de Bergheim;02;;;Pinot Gris;PG;;L387;Vins Tranquilles;3.77;1900-01-01;G;0;1900-01-01;C;;;;;;;;;;;1B003S 3;cepage;;%a% %l% %ce% %m%;certification;
declaration;AOC;AOC_ALSACE;;TRANQ;AOC Alsace Grand Cru;GRDCRU;;DEFAUT;Altenberg de Bergheim;02;;;Gewurzt.;GW;;L387;Vins Tranquilles;3.77;1900-01-01;G;0;1900-01-01;C;;;;;;;;;;;1B003S 1;cepage;;%a% %l% %ce% %m%;certification;
declaration;AOC;AOC_ALSACE;;TRANQ;AOC Alsace Grand Cru;GRDCRU;;DEFAUT;Altenberg de Wolxheim;26;;;Riesling;RI;;L387;Vins Tranquilles;3.77;1900-01-01;G;0;1900-01-01;C;;;;;;;;;;;1B004S 4;cepage;;%a% %l% %ce% %m%;certification;
declaration;AOC;AOC_ALSACE;;TRANQ;AOC Alsace Grand Cru;GRDCRU;;DEFAUT;Altenberg de Wolxheim;26;;;Pinot Gris;PG;;L387;Vins Tranquilles;3.77;1900-01-01;G;0;1900-01-01;C;;;;;;;;;;;1B004S 3;cepage;;%a% %l% %ce% %m%;certification;
declaration;AOC;AOC_ALSACE;;TRANQ;AOC Alsace Grand Cru;GRDCRU;;DEFAUT;Altenberg de Wolxheim;26;;;Muscat;MU;;L387;Vins Tranquilles;3.77;1900-01-01;G;0;1900-01-01;C;;;;;;;;;;;1B004S 2;cepage;;%a% %l% %ce% %m%;certification;
declaration;AOC;AOC_ALSACE;;TRANQ;AOC Alsace Grand Cru;GRDCRU;;DEFAUT;Altenberg de Wolxheim;26;;;Muscat Ottonel;MO;;L387;Vins Tranquilles;3.77;1900-01-01;G;0;1900-01-01;C;;;;;;;;;;;1B004S00;cepage;;%a% %l% %ce% %m%;certification;
declaration;AOC;AOC_ALSACE;;TRANQ;AOC Alsace Grand Cru;GRDCRU;;DEFAUT;Altenberg de Wolxheim;26;;;Gewurzt.;GW;;L387;Vins Tranquilles;3.77;1900-01-01;G;0;1900-01-01;C;;;;;;;;;;;1B004S 1;cepage;;%a% %l% %ce% %m%;certification;
declaration;AOC;AOC_ALSACE;;TRANQ;AOC Alsace Grand Cru;GRDCRU;;DEFAUT;Brand;03;;;Riesling;RI;;L387;Vins Tranquilles;3.77;1900-01-01;G;0;1900-01-01;C;;;;;;;;;;;1B005S 4;cepage;;%a% %l% %ce% %m%;certification;
declaration;AOC;AOC_ALSACE;;TRANQ;AOC Alsace Grand Cru;GRDCRU;;DEFAUT;Brand;03;;;Pinot Gris;PG;;L387;Vins Tranquilles;3.77;1900-01-01;G;0;1900-01-01;C;;;;;;;;;;;1B005S 3;cepage;;%a% %l% %ce% %m%;certification;
declaration;AOC;AOC_ALSACE;;TRANQ;AOC Alsace Grand Cru;GRDCRU;;DEFAUT;Brand;03;;;Muscat;MU;;L387;Vins Tranquilles;3.77;1900-01-01;G;0;1900-01-01;C;;;;;;;;;;;1B005S 2;cepage;;%a% %l% %ce% %m%;certification;
declaration;AOC;AOC_ALSACE;;TRANQ;AOC Alsace Grand Cru;GRDCRU;;DEFAUT;Brand;03;;;Muscat Ottonel;MO;;L387;Vins Tranquilles;3.77;1900-01-01;G;0;1900-01-01;C;;;;;;;;;;;1B005S00;cepage;;%a% %l% %ce% %m%;certification;
declaration;AOC;AOC_ALSACE;;TRANQ;AOC Alsace Grand Cru;GRDCRU;;DEFAUT;Brand;03;;;Gewurzt.;GW;;L387;Vins Tranquilles;3.77;1900-01-01;G;0;1900-01-01;C;;;;;;;;;;;1B005S 1;cepage;;%a% %l% %ce% %m%;certification;
declaration;AOC;AOC_ALSACE;;TRANQ;AOC Alsace Grand Cru;GRDCRU;;DEFAUT;Bruderthal;49;;;Riesling;RI;;L387;Vins Tranquilles;3.77;1900-01-01;G;0;1900-01-01;C;;;;;;;;;;;1B006S 4;cepage;;%a% %l% %ce% %m%;certification;
declaration;AOC;AOC_ALSACE;;TRANQ;AOC Alsace Grand Cru;GRDCRU;;DEFAUT;Bruderthal;49;;;Pinot Gris;PG;;L387;Vins Tranquilles;3.77;1900-01-01;G;0;1900-01-01;C;;;;;;;;;;;1B006S 3;cepage;;%a% %l% %ce% %m%;certification;
declaration;AOC;AOC_ALSACE;;TRANQ;AOC Alsace Grand Cru;GRDCRU;;DEFAUT;Bruderthal;49;;;Muscat;MU;;L387;Vins Tranquilles;3.77;1900-01-01;G;0;1900-01-01;C;;;;;;;;;;;1B006S 2;cepage;;%a% %l% %ce% %m%;certification;
declaration;AOC;AOC_ALSACE;;TRANQ;AOC Alsace Grand Cru;GRDCRU;;DEFAUT;Bruderthal;49;;;Muscat Ottonel;MO;;L387;Vins Tranquilles;3.77;1900-01-01;G;0;1900-01-01;C;;;;;;;;;;;1B006S00;cepage;;%a% %l% %ce% %m%;certification;
declaration;AOC;AOC_ALSACE;;TRANQ;AOC Alsace Grand Cru;GRDCRU;;DEFAUT;Bruderthal;49;;;Gewurzt.;GW;;L387;Vins Tranquilles;3.77;1900-01-01;G;0;1900-01-01;C;;;;;;;;;;;1B006S 1;cepage;;%a% %l% %ce% %m%;certification;
declaration;AOC;AOC_ALSACE;;TRANQ;AOC Alsace Grand Cru;GRDCRU;;DEFAUT;Eichberg;04;;;Riesling;RI;;L387;Vins Tranquilles;3.77;1900-01-01;G;0;1900-01-01;C;;;;;;;;;;;1B007S 4;cepage;;%a% %l% %ce% %m%;certification;
declaration;AOC;AOC_ALSACE;;TRANQ;AOC Alsace Grand Cru;GRDCRU;;DEFAUT;Eichberg;04;;;Pinot Gris;PG;;L387;Vins Tranquilles;3.77;1900-01-01;G;0;1900-01-01;C;;;;;;;;;;;1B007S 3;cepage;;%a% %l% %ce% %m%;certification;
declaration;AOC;AOC_ALSACE;;TRANQ;AOC Alsace Grand Cru;GRDCRU;;DEFAUT;Eichberg;04;;;Muscat;MU;;L387;Vins Tranquilles;3.77;1900-01-01;G;0;1900-01-01;C;;;;;;;;;;;1B007S 2;cepage;;%a% %l% %ce% %m%;certification;
declaration;AOC;AOC_ALSACE;;TRANQ;AOC Alsace Grand Cru;GRDCRU;;DEFAUT;Eichberg;04;;;Muscat Ottonel;MO;;L387;Vins Tranquilles;3.77;1900-01-01;G;0;1900-01-01;C;;;;;;;;;;;1B007S00;cepage;;%a% %l% %ce% %m%;certification;
declaration;AOC;AOC_ALSACE;;TRANQ;AOC Alsace Grand Cru;GRDCRU;;DEFAUT;Eichberg;04;;;Gewurzt.;GW;;L387;Vins Tranquilles;3.77;1900-01-01;G;0;1900-01-01;C;;;;;;;;;;;1B007S 1;cepage;;%a% %l% %ce% %m%;certification;
declaration;AOC;AOC_ALSACE;;TRANQ;AOC Alsace Grand Cru;GRDCRU;;DEFAUT;Engelberg;27;;;Riesling;RI;;L387;Vins Tranquilles;3.77;1900-01-01;G;0;1900-01-01;C;;;;;;;;;;;1B008S 4;cepage;;%a% %l% %ce% %m%;certification;
declaration;AOC;AOC_ALSACE;;TRANQ;AOC Alsace Grand Cru;GRDCRU;;DEFAUT;Engelberg;27;;;Pinot Gris;PG;;L387;Vins Tranquilles;3.77;1900-01-01;G;0;1900-01-01;C;;;;;;;;;;;1B008S 3;cepage;;%a% %l% %ce% %m%;certification;
declaration;AOC;AOC_ALSACE;;TRANQ;AOC Alsace Grand Cru;GRDCRU;;DEFAUT;Engelberg;27;;;Muscat;MU;;L387;Vins Tranquilles;3.77;1900-01-01;G;0;1900-01-01;C;;;;;;;;;;;1B008S 2;cepage;;%a% %l% %ce% %m%;certification;
declaration;AOC;AOC_ALSACE;;TRANQ;AOC Alsace Grand Cru;GRDCRU;;DEFAUT;Engelberg;27;;;Muscat Ottonel;MO;;L387;Vins Tranquilles;3.77;1900-01-01;G;0;1900-01-01;C;;;;;;;;;;;1B008S00;cepage;;%a% %l% %ce% %m%;certification;
declaration;AOC;AOC_ALSACE;;TRANQ;AOC Alsace Grand Cru;GRDCRU;;DEFAUT;Engelberg;27;;;Gewurzt.;GW;;L387;Vins Tranquilles;3.77;1900-01-01;G;0;1900-01-01;C;;;;;;;;;;;1B008S 1;cepage;;%a% %l% %ce% %m%;certification;
declaration;AOC;AOC_ALSACE;;TRANQ;AOC Alsace Grand Cru;GRDCRU;;DEFAUT;Florimont;50;;;Riesling;RI;;L387;Vins Tranquilles;3.77;1900-01-01;G;0;1900-01-01;C;;;;;;;;;;;1B009S 4;cepage;;%a% %l% %ce% %m%;certification;
declaration;AOC;AOC_ALSACE;;TRANQ;AOC Alsace Grand Cru;GRDCRU;;DEFAUT;Florimont;50;;;Pinot Gris;PG;;L387;Vins Tranquilles;3.77;1900-01-01;G;0;1900-01-01;C;;;;;;;;;;;1B009S 3;cepage;;%a% %l% %ce% %m%;certification;
declaration;AOC;AOC_ALSACE;;TRANQ;AOC Alsace Grand Cru;GRDCRU;;DEFAUT;Florimont;50;;;Muscat;MU;;L387;Vins Tranquilles;3.77;1900-01-01;G;0;1900-01-01;C;;;;;;;;;;;1B009S 2;cepage;;%a% %l% %ce% %m%;certification;
declaration;AOC;AOC_ALSACE;;TRANQ;AOC Alsace Grand Cru;GRDCRU;;DEFAUT;Florimont;50;;;Muscat Ottonel;MO;;L387;Vins Tranquilles;3.77;1900-01-01;G;0;1900-01-01;C;;;;;;;;;;;1B009S00;cepage;;%a% %l% %ce% %m%;certification;
declaration;AOC;AOC_ALSACE;;TRANQ;AOC Alsace Grand Cru;GRDCRU;;DEFAUT;Florimont;50;;;Gewurzt.;GW;;L387;Vins Tranquilles;3.77;1900-01-01;G;0;1900-01-01;C;;;;;;;;;;;1B009S 1;cepage;;%a% %l% %ce% %m%;certification;
declaration;AOC;AOC_ALSACE;;TRANQ;AOC Alsace Grand Cru;GRDCRU;;DEFAUT;Frankstein;28;;;Riesling;RI;;L387;Vins Tranquilles;3.77;1900-01-01;G;0;1900-01-01;C;;;;;;;;;;;1B010S 4;cepage;;%a% %l% %ce% %m%;certification;
declaration;AOC;AOC_ALSACE;;TRANQ;AOC Alsace Grand Cru;GRDCRU;;DEFAUT;Frankstein;28;;;Pinot Gris;PG;;L387;Vins Tranquilles;3.77;1900-01-01;G;0;1900-01-01;C;;;;;;;;;;;1B010S 3;cepage;;%a% %l% %ce% %m%;certification;
declaration;AOC;AOC_ALSACE;;TRANQ;AOC Alsace Grand Cru;GRDCRU;;DEFAUT;Frankstein;28;;;Muscat;MU;;L387;Vins Tranquilles;3.77;1900-01-01;G;0;1900-01-01;C;;;;;;;;;;;1B010S 2;cepage;;%a% %l% %ce% %m%;certification;
declaration;AOC;AOC_ALSACE;;TRANQ;AOC Alsace Grand Cru;GRDCRU;;DEFAUT;Frankstein;28;;;Muscat Ottonel;MO;;L387;Vins Tranquilles;3.77;1900-01-01;G;0;1900-01-01;C;;;;;;;;;;;1B010S00;cepage;;%a% %l% %ce% %m%;certification;
declaration;AOC;AOC_ALSACE;;TRANQ;AOC Alsace Grand Cru;GRDCRU;;DEFAUT;Frankstein;28;;;Gewurzt.;GW;;L387;Vins Tranquilles;3.77;1900-01-01;G;0;1900-01-01;C;;;;;;;;;;;1B010S 1;cepage;;%a% %l% %ce% %m%;certification;
declaration;AOC;AOC_ALSACE;;TRANQ;AOC Alsace Grand Cru;GRDCRU;;DEFAUT;Froehn;29;;;Riesling;RI;;L387;Vins Tranquilles;3.77;1900-01-01;G;0;1900-01-01;C;;;;;;;;;;;1B011S 4;cepage;;%a% %l% %ce% %m%;certification;
declaration;AOC;AOC_ALSACE;;TRANQ;AOC Alsace Grand Cru;GRDCRU;;DEFAUT;Froehn;29;;;Pinot Gris;PG;;L387;Vins Tranquilles;3.77;1900-01-01;G;0;1900-01-01;C;;;;;;;;;;;1B011S 3;cepage;;%a% %l% %ce% %m%;certification;
declaration;AOC;AOC_ALSACE;;TRANQ;AOC Alsace Grand Cru;GRDCRU;;DEFAUT;Froehn;29;;;Muscat;MU;;L387;Vins Tranquilles;3.77;1900-01-01;G;0;1900-01-01;C;;;;;;;;;;;1B011S 2;cepage;;%a% %l% %ce% %m%;certification;
declaration;AOC;AOC_ALSACE;;TRANQ;AOC Alsace Grand Cru;GRDCRU;;DEFAUT;Froehn;29;;;Muscat Ottonel;MO;;L387;Vins Tranquilles;3.77;1900-01-01;G;0;1900-01-01;C;;;;;;;;;;;1B011S00;cepage;;%a% %l% %ce% %m%;certification;
declaration;AOC;AOC_ALSACE;;TRANQ;AOC Alsace Grand Cru;GRDCRU;;DEFAUT;Froehn;29;;;Gewurzt.;GW;;L387;Vins Tranquilles;3.77;1900-01-01;G;0;1900-01-01;C;;;;;;;;;;;1B011S 1;cepage;;%a% %l% %ce% %m%;certification;
declaration;AOC;AOC_ALSACE;;TRANQ;AOC Alsace Grand Cru;GRDCRU;;DEFAUT;Furstentum;48;;;Riesling;RI;;L387;Vins Tranquilles;3.77;1900-01-01;G;0;1900-01-01;C;;;;;;;;;;;1B012S 4;cepage;;%a% %l% %ce% %m%;certification;
declaration;AOC;AOC_ALSACE;;TRANQ;AOC Alsace Grand Cru;GRDCRU;;DEFAUT;Furstentum;48;;;Pinot Gris;PG;;L387;Vins Tranquilles;3.77;1900-01-01;G;0;1900-01-01;C;;;;;;;;;;;1B012S 3;cepage;;%a% %l% %ce% %m%;certification;
declaration;AOC;AOC_ALSACE;;TRANQ;AOC Alsace Grand Cru;GRDCRU;;DEFAUT;Furstentum;48;;;Muscat;MU;;L387;Vins Tranquilles;3.77;1900-01-01;G;0;1900-01-01;C;;;;;;;;;;;1B012S 2;cepage;;%a% %l% %ce% %m%;certification;
declaration;AOC;AOC_ALSACE;;TRANQ;AOC Alsace Grand Cru;GRDCRU;;DEFAUT;Furstentum;48;;;Muscat Ottonel;MO;;L387;Vins Tranquilles;3.77;1900-01-01;G;0;1900-01-01;C;;;;;;;;;;;1B012S00;cepage;;%a% %l% %ce% %m%;certification;
declaration;AOC;AOC_ALSACE;;TRANQ;AOC Alsace Grand Cru;GRDCRU;;DEFAUT;Furstentum;48;;;Gewurzt.;GW;;L387;Vins Tranquilles;3.77;1900-01-01;G;0;1900-01-01;C;;;;;;;;;;;1B012S 1;cepage;;%a% %l% %ce% %m%;certification;
declaration;AOC;AOC_ALSACE;;TRANQ;AOC Alsace Grand Cru;GRDCRU;;DEFAUT;Geisberg;05;;;Riesling;RI;;L387;Vins Tranquilles;3.77;1900-01-01;G;0;1900-01-01;C;;;;;;;;;;;1B013S 4;cepage;;%a% %l% %ce% %m%;certification;
declaration;AOC;AOC_ALSACE;;TRANQ;AOC Alsace Grand Cru;GRDCRU;;DEFAUT;Geisberg;05;;;Pinot Gris;PG;;L387;Vins Tranquilles;3.77;1900-01-01;G;0;1900-01-01;C;;;;;;;;;;;1B013S 3;cepage;;%a% %l% %ce% %m%;certification;
declaration;AOC;AOC_ALSACE;;TRANQ;AOC Alsace Grand Cru;GRDCRU;;DEFAUT;Geisberg;05;;;Muscat;MU;;L387;Vins Tranquilles;3.77;1900-01-01;G;0;1900-01-01;C;;;;;;;;;;;1B013S 2;cepage;;%a% %l% %ce% %m%;certification;
declaration;AOC;AOC_ALSACE;;TRANQ;AOC Alsace Grand Cru;GRDCRU;;DEFAUT;Geisberg;05;;;Muscat Ottonel;MO;;L387;Vins Tranquilles;3.77;1900-01-01;G;0;1900-01-01;C;;;;;;;;;;;1B013S00;cepage;;%a% %l% %ce% %m%;certification;
declaration;AOC;AOC_ALSACE;;TRANQ;AOC Alsace Grand Cru;GRDCRU;;DEFAUT;Geisberg;05;;;Gewurzt.;GW;;L387;Vins Tranquilles;3.77;1900-01-01;G;0;1900-01-01;C;;;;;;;;;;;1B013S 1;cepage;;%a% %l% %ce% %m%;certification;
declaration;AOC;AOC_ALSACE;;TRANQ;AOC Alsace Grand Cru;GRDCRU;;DEFAUT;Gloeckelberg;06;;;Riesling;RI;;L387;Vins Tranquilles;3.77;1900-01-01;G;0;1900-01-01;C;;;;;;;;;;;1B014S 4;cepage;;%a% %l% %ce% %m%;certification;
declaration;AOC;AOC_ALSACE;;TRANQ;AOC Alsace Grand Cru;GRDCRU;;DEFAUT;Gloeckelberg;06;;;Pinot Gris;PG;;L387;Vins Tranquilles;3.77;1900-01-01;G;0;1900-01-01;C;;;;;;;;;;;1B014S 3;cepage;;%a% %l% %ce% %m%;certification;
declaration;AOC;AOC_ALSACE;;TRANQ;AOC Alsace Grand Cru;GRDCRU;;DEFAUT;Gloeckelberg;06;;;Muscat;MU;;L387;Vins Tranquilles;3.77;1900-01-01;G;0;1900-01-01;C;;;;;;;;;;;1B014S 2;cepage;;%a% %l% %ce% %m%;certification;
declaration;AOC;AOC_ALSACE;;TRANQ;AOC Alsace Grand Cru;GRDCRU;;DEFAUT;Gloeckelberg;06;;;Muscat Ottonel;MO;;L387;Vins Tranquilles;3.77;1900-01-01;G;0;1900-01-01;C;;;;;;;;;;;1B014S00;cepage;;%a% %l% %ce% %m%;certification;
declaration;AOC;AOC_ALSACE;;TRANQ;AOC Alsace Grand Cru;GRDCRU;;DEFAUT;Gloeckelberg;06;;;Gewurzt.;GW;;L387;Vins Tranquilles;3.77;1900-01-01;G;0;1900-01-01;C;;;;;;;;;;;1B014S 1;cepage;;%a% %l% %ce% %m%;certification;
declaration;AOC;AOC_ALSACE;;TRANQ;AOC Alsace Grand Cru;GRDCRU;;DEFAUT;Goldert;07;;;Riesling;RI;;L387;Vins Tranquilles;3.77;1900-01-01;G;0;1900-01-01;C;;;;;;;;;;;1B015S 4;cepage;;%a% %l% %ce% %m%;certification;
declaration;AOC;AOC_ALSACE;;TRANQ;AOC Alsace Grand Cru;GRDCRU;;DEFAUT;Goldert;07;;;Pinot Gris;PG;;L387;Vins Tranquilles;3.77;1900-01-01;G;0;1900-01-01;C;;;;;;;;;;;1B015S 3;cepage;;%a% %l% %ce% %m%;certification;
declaration;AOC;AOC_ALSACE;;TRANQ;AOC Alsace Grand Cru;GRDCRU;;DEFAUT;Goldert;07;;;Muscat;MU;;L387;Vins Tranquilles;3.77;1900-01-01;G;0;1900-01-01;C;;;;;;;;;;;1B015S 2;cepage;;%a% %l% %ce% %m%;certification;
declaration;AOC;AOC_ALSACE;;TRANQ;AOC Alsace Grand Cru;GRDCRU;;DEFAUT;Goldert;07;;;Muscat Ottonel;MO;;L387;Vins Tranquilles;3.77;1900-01-01;G;0;1900-01-01;C;;;;;;;;;;;1B015S00;cepage;;%a% %l% %ce% %m%;certification;
declaration;AOC;AOC_ALSACE;;TRANQ;AOC Alsace Grand Cru;GRDCRU;;DEFAUT;Goldert;07;;;Gewurzt.;GW;;L387;Vins Tranquilles;3.77;1900-01-01;G;0;1900-01-01;C;;;;;;;;;;;1B015S 1;cepage;;%a% %l% %ce% %m%;certification;
declaration;AOC;AOC_ALSACE;;TRANQ;AOC Alsace Grand Cru;GRDCRU;;DEFAUT;Hatschbourg;08;;;Riesling;RI;;L387;Vins Tranquilles;3.77;1900-01-01;G;0;1900-01-01;C;;;;;;;;;;;1B016S 4;cepage;;%a% %l% %ce% %m%;certification;
declaration;AOC;AOC_ALSACE;;TRANQ;AOC Alsace Grand Cru;GRDCRU;;DEFAUT;Hatschbourg;08;;;Pinot Gris;PG;;L387;Vins Tranquilles;3.77;1900-01-01;G;0;1900-01-01;C;;;;;;;;;;;1B016S 3;cepage;;%a% %l% %ce% %m%;certification;
declaration;AOC;AOC_ALSACE;;TRANQ;AOC Alsace Grand Cru;GRDCRU;;DEFAUT;Hatschbourg;08;;;Muscat;MU;;L387;Vins Tranquilles;3.77;1900-01-01;G;0;1900-01-01;C;;;;;;;;;;;1B016S 2;cepage;;%a% %l% %ce% %m%;certification;
declaration;AOC;AOC_ALSACE;;TRANQ;AOC Alsace Grand Cru;GRDCRU;;DEFAUT;Hatschbourg;08;;;Muscat Ottonel;MO;;L387;Vins Tranquilles;3.77;1900-01-01;G;0;1900-01-01;C;;;;;;;;;;;1B016S00;cepage;;%a% %l% %ce% %m%;certification;
declaration;AOC;AOC_ALSACE;;TRANQ;AOC Alsace Grand Cru;GRDCRU;;DEFAUT;Hatschbourg;08;;;Gewurzt.;GW;;L387;Vins Tranquilles;3.77;1900-01-01;G;0;1900-01-01;C;;;;;;;;;;;1B016S 1;cepage;;%a% %l% %ce% %m%;certification;
declaration;AOC;AOC_ALSACE;;TRANQ;AOC Alsace Grand Cru;GRDCRU;;DEFAUT;Hengst;09;;;Riesling;RI;;L387;Vins Tranquilles;3.77;1900-01-01;G;0;1900-01-01;C;;;;;;;;;;;1B017S 4;cepage;;%a% %l% %ce% %m%;certification;
declaration;AOC;AOC_ALSACE;;TRANQ;AOC Alsace Grand Cru;GRDCRU;;DEFAUT;Hengst;09;;;Pinot Gris;PG;;L387;Vins Tranquilles;3.77;1900-01-01;G;0;1900-01-01;C;;;;;;;;;;;1B017S 3;cepage;;%a% %l% %ce% %m%;certification;
declaration;AOC;AOC_ALSACE;;TRANQ;AOC Alsace Grand Cru;GRDCRU;;DEFAUT;Hengst;09;;;Muscat;MU;;L387;Vins Tranquilles;3.77;1900-01-01;G;0;1900-01-01;C;;;;;;;;;;;1B017S 2;cepage;;%a% %l% %ce% %m%;certification;
declaration;AOC;AOC_ALSACE;;TRANQ;AOC Alsace Grand Cru;GRDCRU;;DEFAUT;Hengst;09;;;Muscat Ottonel;MO;;L387;Vins Tranquilles;3.77;1900-01-01;G;0;1900-01-01;C;;;;;;;;;;;1B017S00;cepage;;%a% %l% %ce% %m%;certification;
declaration;AOC;AOC_ALSACE;;TRANQ;AOC Alsace Grand Cru;GRDCRU;;DEFAUT;Hengst;09;;;Gewurzt.;GW;;L387;Vins Tranquilles;3.77;1900-01-01;G;0;1900-01-01;C;;;;;;;;;;;1B017S 1;cepage;;%a% %l% %ce% %m%;certification;
declaration;AOC;AOC_ALSACE;;TRANQ;AOC Alsace Grand Cru;GRDCRU;;DEFAUT;Kaefferkopf;51;;;Assemblage;ED;;L387;Vins Tranquilles;3.77;1900-01-01;G;0;1900-01-01;C;;;;;;;;;;;1B053S 9;cepage;;%a% %l% %ce% %m%;certification;
declaration;AOC;AOC_ALSACE;;TRANQ;AOC Alsace Grand Cru;GRDCRU;;DEFAUT;Kaefferkopf;51;;;Riesling;RI;;L387;Vins Tranquilles;3.77;1900-01-01;G;0;1900-01-01;C;;;;;;;;;;;1B053S 4;cepage;;%a% %l% %ce% %m%;certification;
declaration;AOC;AOC_ALSACE;;TRANQ;AOC Alsace Grand Cru;GRDCRU;;DEFAUT;Kaefferkopf;51;;;Pinot Gris;PG;;L387;Vins Tranquilles;3.77;1900-01-01;G;0;1900-01-01;C;;;;;;;;;;;1B053S 3;cepage;;%a% %l% %ce% %m%;certification;
declaration;AOC;AOC_ALSACE;;TRANQ;AOC Alsace Grand Cru;GRDCRU;;DEFAUT;Kaefferkopf;51;;;Gewurzt.;GW;;L387;Vins Tranquilles;3.77;1900-01-01;G;0;1900-01-01;C;;;;;;;;;;;1B053S 1;cepage;;%a% %l% %ce% %m%;certification;
declaration;AOC;AOC_ALSACE;;TRANQ;AOC Alsace Grand Cru;GRDCRU;;DEFAUT;Kanzlerberg;10;;;Riesling;RI;;L387;Vins Tranquilles;3.77;1900-01-01;G;0;1900-01-01;C;;;;;;;;;;;1B018S 4;cepage;;%a% %l% %ce% %m%;certification;
declaration;AOC;AOC_ALSACE;;TRANQ;AOC Alsace Grand Cru;GRDCRU;;DEFAUT;Kanzlerberg;10;;;Pinot Gris;PG;;L387;Vins Tranquilles;3.77;1900-01-01;G;0;1900-01-01;C;;;;;;;;;;;1B018S 3;cepage;;%a% %l% %ce% %m%;certification;
declaration;AOC;AOC_ALSACE;;TRANQ;AOC Alsace Grand Cru;GRDCRU;;DEFAUT;Kanzlerberg;10;;;Muscat;MU;;L387;Vins Tranquilles;3.77;1900-01-01;G;0;1900-01-01;C;;;;;;;;;;;1B018S 2;cepage;;%a% %l% %ce% %m%;certification;
declaration;AOC;AOC_ALSACE;;TRANQ;AOC Alsace Grand Cru;GRDCRU;;DEFAUT;Kanzlerberg;10;;;Muscat Ottonel;MO;;L387;Vins Tranquilles;3.77;1900-01-01;G;0;1900-01-01;C;;;;;;;;;;;1B018S00;cepage;;%a% %l% %ce% %m%;certification;
declaration;AOC;AOC_ALSACE;;TRANQ;AOC Alsace Grand Cru;GRDCRU;;DEFAUT;Kanzlerberg;10;;;Gewurzt.;GW;;L387;Vins Tranquilles;3.77;1900-01-01;G;0;1900-01-01;C;;;;;;;;;;;1B018S 1;cepage;;%a% %l% %ce% %m%;certification;
declaration;AOC;AOC_ALSACE;;TRANQ;AOC Alsace Grand Cru;GRDCRU;;DEFAUT;Kastelberg;11;;;Riesling;RI;;L387;Vins Tranquilles;3.77;1900-01-01;G;0;1900-01-01;C;;;;;;;;;;;1B019S 4;cepage;;%a% %l% %ce% %m%;certification;
declaration;AOC;AOC_ALSACE;;TRANQ;AOC Alsace Grand Cru;GRDCRU;;DEFAUT;Kastelberg;11;;;Pinot Gris;PG;;L387;Vins Tranquilles;3.77;1900-01-01;G;0;1900-01-01;C;;;;;;;;;;;1B019S 3;cepage;;%a% %l% %ce% %m%;certification;
declaration;AOC;AOC_ALSACE;;TRANQ;AOC Alsace Grand Cru;GRDCRU;;DEFAUT;Kastelberg;11;;;Muscat;MU;;L387;Vins Tranquilles;3.77;1900-01-01;G;0;1900-01-01;C;;;;;;;;;;;1B019S 2;cepage;;%a% %l% %ce% %m%;certification;
declaration;AOC;AOC_ALSACE;;TRANQ;AOC Alsace Grand Cru;GRDCRU;;DEFAUT;Kastelberg;11;;;Muscat Ottonel;MO;;L387;Vins Tranquilles;3.77;1900-01-01;G;0;1900-01-01;C;;;;;;;;;;;1B019S00;cepage;;%a% %l% %ce% %m%;certification;
declaration;AOC;AOC_ALSACE;;TRANQ;AOC Alsace Grand Cru;GRDCRU;;DEFAUT;Kastelberg;11;;;Gewurzt.;GW;;L387;Vins Tranquilles;3.77;1900-01-01;G;0;1900-01-01;C;;;;;;;;;;;1B019S 1;cepage;;%a% %l% %ce% %m%;certification;
declaration;AOC;AOC_ALSACE;;TRANQ;AOC Alsace Grand Cru;GRDCRU;;DEFAUT;Kessler;12;;;Riesling;RI;;L387;Vins Tranquilles;3.77;1900-01-01;G;0;1900-01-01;C;;;;;;;;;;;1B020S 4;cepage;;%a% %l% %ce% %m%;certification;
declaration;AOC;AOC_ALSACE;;TRANQ;AOC Alsace Grand Cru;GRDCRU;;DEFAUT;Kessler;12;;;Pinot Gris;PG;;L387;Vins Tranquilles;3.77;1900-01-01;G;0;1900-01-01;C;;;;;;;;;;;1B020S 3;cepage;;%a% %l% %ce% %m%;certification;
declaration;AOC;AOC_ALSACE;;TRANQ;AOC Alsace Grand Cru;GRDCRU;;DEFAUT;Kessler;12;;;Muscat;MU;;L387;Vins Tranquilles;3.77;1900-01-01;G;0;1900-01-01;C;;;;;;;;;;;1B020S 2;cepage;;%a% %l% %ce% %m%;certification;
declaration;AOC;AOC_ALSACE;;TRANQ;AOC Alsace Grand Cru;GRDCRU;;DEFAUT;Kessler;12;;;Muscat Ottonel;MO;;L387;Vins Tranquilles;3.77;1900-01-01;G;0;1900-01-01;C;;;;;;;;;;;1B020S00;cepage;;%a% %l% %ce% %m%;certification;
declaration;AOC;AOC_ALSACE;;TRANQ;AOC Alsace Grand Cru;GRDCRU;;DEFAUT;Kessler;12;;;Gewurzt.;GW;;L387;Vins Tranquilles;3.77;1900-01-01;G;0;1900-01-01;C;;;;;;;;;;;1B020S 1;cepage;;%a% %l% %ce% %m%;certification;
declaration;AOC;AOC_ALSACE;;TRANQ;AOC Alsace Grand Cru;GRDCRU;;DEFAUT;Kirchberg de Barr;13;;;Riesling;RI;;L387;Vins Tranquilles;3.77;1900-01-01;G;0;1900-01-01;C;;;;;;;;;;;1B021S 4;cepage;;%a% %l% %ce% %m%;certification;
declaration;AOC;AOC_ALSACE;;TRANQ;AOC Alsace Grand Cru;GRDCRU;;DEFAUT;Kirchberg de Barr;13;;;Pinot Gris;PG;;L387;Vins Tranquilles;3.77;1900-01-01;G;0;1900-01-01;C;;;;;;;;;;;1B021S 3;cepage;;%a% %l% %ce% %m%;certification;
declaration;AOC;AOC_ALSACE;;TRANQ;AOC Alsace Grand Cru;GRDCRU;;DEFAUT;Kirchberg de Barr;13;;;Muscat;MU;;L387;Vins Tranquilles;3.77;1900-01-01;G;0;1900-01-01;C;;;;;;;;;;;1B021S 2;cepage;;%a% %l% %ce% %m%;certification;
declaration;AOC;AOC_ALSACE;;TRANQ;AOC Alsace Grand Cru;GRDCRU;;DEFAUT;Kirchberg de Barr;13;;;Muscat Ottonel;MO;;L387;Vins Tranquilles;3.77;1900-01-01;G;0;1900-01-01;C;;;;;;;;;;;1B021S00;cepage;;%a% %l% %ce% %m%;certification;
declaration;AOC;AOC_ALSACE;;TRANQ;AOC Alsace Grand Cru;GRDCRU;;DEFAUT;Kirchberg de Barr;13;;;Gewurzt.;GW;;L387;Vins Tranquilles;3.77;1900-01-01;G;0;1900-01-01;C;;;;;;;;;;;1B021S 1;cepage;;%a% %l% %ce% %m%;certification;
declaration;AOC;AOC_ALSACE;;TRANQ;AOC Alsace Grand Cru;GRDCRU;;DEFAUT;Kirchberg de Ribeauville;14;;;Riesling;RI;;L387;Vins Tranquilles;3.77;1900-01-01;G;0;1900-01-01;C;;;;;;;;;;;1B022S 4;cepage;;%a% %l% %ce% %m%;certification;
declaration;AOC;AOC_ALSACE;;TRANQ;AOC Alsace Grand Cru;GRDCRU;;DEFAUT;Kirchberg de Ribeauville;14;;;Pinot Gris;PG;;L387;Vins Tranquilles;3.77;1900-01-01;G;0;1900-01-01;C;;;;;;;;;;;1B022S 3;cepage;;%a% %l% %ce% %m%;certification;
declaration;AOC;AOC_ALSACE;;TRANQ;AOC Alsace Grand Cru;GRDCRU;;DEFAUT;Kirchberg de Ribeauville;14;;;Muscat;MU;;L387;Vins Tranquilles;3.77;1900-01-01;G;0;1900-01-01;C;;;;;;;;;;;1B022S 2;cepage;;%a% %l% %ce% %m%;certification;
declaration;AOC;AOC_ALSACE;;TRANQ;AOC Alsace Grand Cru;GRDCRU;;DEFAUT;Kirchberg de Ribeauville;14;;;Muscat Ottonel;MO;;L387;Vins Tranquilles;3.77;1900-01-01;G;0;1900-01-01;C;;;;;;;;;;;1B022S00;cepage;;%a% %l% %ce% %m%;certification;
declaration;AOC;AOC_ALSACE;;TRANQ;AOC Alsace Grand Cru;GRDCRU;;DEFAUT;Kirchberg de Ribeauville;14;;;Gewurzt.;GW;;L387;Vins Tranquilles;3.77;1900-01-01;G;0;1900-01-01;C;;;;;;;;;;;1B022S 1;cepage;;%a% %l% %ce% %m%;certification;
declaration;AOC;AOC_ALSACE;;TRANQ;AOC Alsace Grand Cru;GRDCRU;;DEFAUT;Kitterle;15;;;Riesling;RI;;L387;Vins Tranquilles;3.77;1900-01-01;G;0;1900-01-01;C;;;;;;;;;;;1B023S 4;cepage;;%a% %l% %ce% %m%;certification;
declaration;AOC;AOC_ALSACE;;TRANQ;AOC Alsace Grand Cru;GRDCRU;;DEFAUT;Kitterle;15;;;Pinot Gris;PG;;L387;Vins Tranquilles;3.77;1900-01-01;G;0;1900-01-01;C;;;;;;;;;;;1B023S 3;cepage;;%a% %l% %ce% %m%;certification;
declaration;AOC;AOC_ALSACE;;TRANQ;AOC Alsace Grand Cru;GRDCRU;;DEFAUT;Kitterle;15;;;Muscat;MU;;L387;Vins Tranquilles;3.77;1900-01-01;G;0;1900-01-01;C;;;;;;;;;;;1B023S 2;cepage;;%a% %l% %ce% %m%;certification;
declaration;AOC;AOC_ALSACE;;TRANQ;AOC Alsace Grand Cru;GRDCRU;;DEFAUT;Kitterle;15;;;Muscat Ottonel;MO;;L387;Vins Tranquilles;3.77;1900-01-01;G;0;1900-01-01;C;;;;;;;;;;;1B023S00;cepage;;%a% %l% %ce% %m%;certification;
declaration;AOC;AOC_ALSACE;;TRANQ;AOC Alsace Grand Cru;GRDCRU;;DEFAUT;Kitterle;15;;;Gewurzt.;GW;;L387;Vins Tranquilles;3.77;1900-01-01;G;0;1900-01-01;C;;;;;;;;;;;1B023S 1;cepage;;%a% %l% %ce% %m%;certification;
declaration;AOC;AOC_ALSACE;;TRANQ;AOC Alsace Grand Cru;GRDCRU;;DEFAUT;Mambourg;30;;;Riesling;RI;;L387;Vins Tranquilles;3.77;1900-01-01;G;0;1900-01-01;C;;;;;;;;;;;1B024S 4;cepage;;%a% %l% %ce% %m%;certification;
declaration;AOC;AOC_ALSACE;;TRANQ;AOC Alsace Grand Cru;GRDCRU;;DEFAUT;Mambourg;30;;;Pinot Gris;PG;;L387;Vins Tranquilles;3.77;1900-01-01;G;0;1900-01-01;C;;;;;;;;;;;1B024S 3;cepage;;%a% %l% %ce% %m%;certification;
declaration;AOC;AOC_ALSACE;;TRANQ;AOC Alsace Grand Cru;GRDCRU;;DEFAUT;Mambourg;30;;;Muscat;MU;;L387;Vins Tranquilles;3.77;1900-01-01;G;0;1900-01-01;C;;;;;;;;;;;1B024S 2;cepage;;%a% %l% %ce% %m%;certification;
declaration;AOC;AOC_ALSACE;;TRANQ;AOC Alsace Grand Cru;GRDCRU;;DEFAUT;Mambourg;30;;;Muscat Ottonel;MO;;L387;Vins Tranquilles;3.77;1900-01-01;G;0;1900-01-01;C;;;;;;;;;;;1B024S00;cepage;;%a% %l% %ce% %m%;certification;
declaration;AOC;AOC_ALSACE;;TRANQ;AOC Alsace Grand Cru;GRDCRU;;DEFAUT;Mambourg;30;;;Gewurzt.;GW;;L387;Vins Tranquilles;3.77;1900-01-01;G;0;1900-01-01;C;;;;;;;;;;;1B024S 1;cepage;;%a% %l% %ce% %m%;certification;
declaration;AOC;AOC_ALSACE;;TRANQ;AOC Alsace Grand Cru;GRDCRU;;DEFAUT;Mandelberg;31;;;Riesling;RI;;L387;Vins Tranquilles;3.77;1900-01-01;G;0;1900-01-01;C;;;;;;;;;;;1B025S 4;cepage;;%a% %l% %ce% %m%;certification;
declaration;AOC;AOC_ALSACE;;TRANQ;AOC Alsace Grand Cru;GRDCRU;;DEFAUT;Mandelberg;31;;;Pinot Gris;PG;;L387;Vins Tranquilles;3.77;1900-01-01;G;0;1900-01-01;C;;;;;;;;;;;1B025S 3;cepage;;%a% %l% %ce% %m%;certification;
declaration;AOC;AOC_ALSACE;;TRANQ;AOC Alsace Grand Cru;GRDCRU;;DEFAUT;Mandelberg;31;;;Muscat;MU;;L387;Vins Tranquilles;3.77;1900-01-01;G;0;1900-01-01;C;;;;;;;;;;;1B025S 2;cepage;;%a% %l% %ce% %m%;certification;
declaration;AOC;AOC_ALSACE;;TRANQ;AOC Alsace Grand Cru;GRDCRU;;DEFAUT;Mandelberg;31;;;Muscat Ottonel;MO;;L387;Vins Tranquilles;3.77;1900-01-01;G;0;1900-01-01;C;;;;;;;;;;;1B025S00;cepage;;%a% %l% %ce% %m%;certification;
declaration;AOC;AOC_ALSACE;;TRANQ;AOC Alsace Grand Cru;GRDCRU;;DEFAUT;Mandelberg;31;;;Gewurzt.;GW;;L387;Vins Tranquilles;3.77;1900-01-01;G;0;1900-01-01;C;;;;;;;;;;;1B025S 1;cepage;;%a% %l% %ce% %m%;certification;
declaration;AOC;AOC_ALSACE;;TRANQ;AOC Alsace Grand Cru;GRDCRU;;DEFAUT;Marckrain;32;;;Riesling;RI;;L387;Vins Tranquilles;3.77;1900-01-01;G;0;1900-01-01;C;;;;;;;;;;;1B026S 4;cepage;;%a% %l% %ce% %m%;certification;
declaration;AOC;AOC_ALSACE;;TRANQ;AOC Alsace Grand Cru;GRDCRU;;DEFAUT;Marckrain;32;;;Pinot Gris;PG;;L387;Vins Tranquilles;3.77;1900-01-01;G;0;1900-01-01;C;;;;;;;;;;;1B026S 3;cepage;;%a% %l% %ce% %m%;certification;
declaration;AOC;AOC_ALSACE;;TRANQ;AOC Alsace Grand Cru;GRDCRU;;DEFAUT;Marckrain;32;;;Muscat;MU;;L387;Vins Tranquilles;3.77;1900-01-01;G;0;1900-01-01;C;;;;;;;;;;;1B026S 2;cepage;;%a% %l% %ce% %m%;certification;
declaration;AOC;AOC_ALSACE;;TRANQ;AOC Alsace Grand Cru;GRDCRU;;DEFAUT;Marckrain;32;;;Muscat Ottonel;MO;;L387;Vins Tranquilles;3.77;1900-01-01;G;0;1900-01-01;C;;;;;;;;;;;1B026S00;cepage;;%a% %l% %ce% %m%;certification;
declaration;AOC;AOC_ALSACE;;TRANQ;AOC Alsace Grand Cru;GRDCRU;;DEFAUT;Marckrain;32;;;Gewurzt.;GW;;L387;Vins Tranquilles;3.77;1900-01-01;G;0;1900-01-01;C;;;;;;;;;;;1B026S 1;cepage;;%a% %l% %ce% %m%;certification;
declaration;AOC;AOC_ALSACE;;TRANQ;AOC Alsace Grand Cru;GRDCRU;;DEFAUT;Moenchberg;16;;;Riesling;RI;;L387;Vins Tranquilles;3.77;1900-01-01;G;0;1900-01-01;C;;;;;;;;;;;1B027S 4;cepage;;%a% %l% %ce% %m%;certification;
declaration;AOC;AOC_ALSACE;;TRANQ;AOC Alsace Grand Cru;GRDCRU;;DEFAUT;Moenchberg;16;;;Pinot Gris;PG;;L387;Vins Tranquilles;3.77;1900-01-01;G;0;1900-01-01;C;;;;;;;;;;;1B027S 3;cepage;;%a% %l% %ce% %m%;certification;
declaration;AOC;AOC_ALSACE;;TRANQ;AOC Alsace Grand Cru;GRDCRU;;DEFAUT;Moenchberg;16;;;Muscat;MU;;L387;Vins Tranquilles;3.77;1900-01-01;G;0;1900-01-01;C;;;;;;;;;;;1B027S 2;cepage;;%a% %l% %ce% %m%;certification;
declaration;AOC;AOC_ALSACE;;TRANQ;AOC Alsace Grand Cru;GRDCRU;;DEFAUT;Moenchberg;16;;;Muscat Ottonel;MO;;L387;Vins Tranquilles;3.77;1900-01-01;G;0;1900-01-01;C;;;;;;;;;;;1B027S00;cepage;;%a% %l% %ce% %m%;certification;
declaration;AOC;AOC_ALSACE;;TRANQ;AOC Alsace Grand Cru;GRDCRU;;DEFAUT;Moenchberg;16;;;Gewurzt.;GW;;L387;Vins Tranquilles;3.77;1900-01-01;G;0;1900-01-01;C;;;;;;;;;;;1B027S 1;cepage;;%a% %l% %ce% %m%;certification;
declaration;AOC;AOC_ALSACE;;TRANQ;AOC Alsace Grand Cru;GRDCRU;;DEFAUT;Muenchberg;33;;;Riesling;RI;;L387;Vins Tranquilles;3.77;1900-01-01;G;0;1900-01-01;C;;;;;;;;;;;1B028S 4;cepage;;%a% %l% %ce% %m%;certification;
declaration;AOC;AOC_ALSACE;;TRANQ;AOC Alsace Grand Cru;GRDCRU;;DEFAUT;Muenchberg;33;;;Pinot Gris;PG;;L387;Vins Tranquilles;3.77;1900-01-01;G;0;1900-01-01;C;;;;;;;;;;;1B028S 3;cepage;;%a% %l% %ce% %m%;certification;
declaration;AOC;AOC_ALSACE;;TRANQ;AOC Alsace Grand Cru;GRDCRU;;DEFAUT;Muenchberg;33;;;Muscat;MU;;L387;Vins Tranquilles;3.77;1900-01-01;G;0;1900-01-01;C;;;;;;;;;;;1B028S 2;cepage;;%a% %l% %ce% %m%;certification;
declaration;AOC;AOC_ALSACE;;TRANQ;AOC Alsace Grand Cru;GRDCRU;;DEFAUT;Muenchberg;33;;;Muscat Ottonel;MO;;L387;Vins Tranquilles;3.77;1900-01-01;G;0;1900-01-01;C;;;;;;;;;;;1B028S00;cepage;;%a% %l% %ce% %m%;certification;
declaration;AOC;AOC_ALSACE;;TRANQ;AOC Alsace Grand Cru;GRDCRU;;DEFAUT;Muenchberg;33;;;Gewurzt.;GW;;L387;Vins Tranquilles;3.77;1900-01-01;G;0;1900-01-01;C;;;;;;;;;;;1B028S 1;cepage;;%a% %l% %ce% %m%;certification;
declaration;AOC;AOC_ALSACE;;TRANQ;AOC Alsace Grand Cru;GRDCRU;;DEFAUT;Ollwiller;17;;;Riesling;RI;;L387;Vins Tranquilles;3.77;1900-01-01;G;0;1900-01-01;C;;;;;;;;;;;1B029S 4;cepage;;%a% %l% %ce% %m%;certification;
declaration;AOC;AOC_ALSACE;;TRANQ;AOC Alsace Grand Cru;GRDCRU;;DEFAUT;Ollwiller;17;;;Pinot Gris;PG;;L387;Vins Tranquilles;3.77;1900-01-01;G;0;1900-01-01;C;;;;;;;;;;;1B029S 3;cepage;;%a% %l% %ce% %m%;certification;
declaration;AOC;AOC_ALSACE;;TRANQ;AOC Alsace Grand Cru;GRDCRU;;DEFAUT;Ollwiller;17;;;Muscat;MU;;L387;Vins Tranquilles;3.77;1900-01-01;G;0;1900-01-01;C;;;;;;;;;;;1B029S 2;cepage;;%a% %l% %ce% %m%;certification;
declaration;AOC;AOC_ALSACE;;TRANQ;AOC Alsace Grand Cru;GRDCRU;;DEFAUT;Ollwiller;17;;;Muscat Ottonel;MO;;L387;Vins Tranquilles;3.77;1900-01-01;G;0;1900-01-01;C;;;;;;;;;;;1B029S00;cepage;;%a% %l% %ce% %m%;certification;
declaration;AOC;AOC_ALSACE;;TRANQ;AOC Alsace Grand Cru;GRDCRU;;DEFAUT;Ollwiller;17;;;Gewurzt.;GW;;L387;Vins Tranquilles;3.77;1900-01-01;G;0;1900-01-01;C;;;;;;;;;;;1B029S 1;cepage;;%a% %l% %ce% %m%;certification;
declaration;AOC;AOC_ALSACE;;TRANQ;AOC Alsace Grand Cru;GRDCRU;;DEFAUT;Osterberg;34;;;Riesling;RI;;L387;Vins Tranquilles;3.77;1900-01-01;G;0;1900-01-01;C;;;;;;;;;;;1B030S 4;cepage;;%a% %l% %ce% %m%;certification;
declaration;AOC;AOC_ALSACE;;TRANQ;AOC Alsace Grand Cru;GRDCRU;;DEFAUT;Osterberg;34;;;Pinot Gris;PG;;L387;Vins Tranquilles;3.77;1900-01-01;G;0;1900-01-01;C;;;;;;;;;;;1B030S 3;cepage;;%a% %l% %ce% %m%;certification;
declaration;AOC;AOC_ALSACE;;TRANQ;AOC Alsace Grand Cru;GRDCRU;;DEFAUT;Osterberg;34;;;Muscat;MU;;L387;Vins Tranquilles;3.77;1900-01-01;G;0;1900-01-01;C;;;;;;;;;;;1B030S 2;cepage;;%a% %l% %ce% %m%;certification;
declaration;AOC;AOC_ALSACE;;TRANQ;AOC Alsace Grand Cru;GRDCRU;;DEFAUT;Osterberg;34;;;Muscat Ottonel;MO;;L387;Vins Tranquilles;3.77;1900-01-01;G;0;1900-01-01;C;;;;;;;;;;;1B030S00;cepage;;%a% %l% %ce% %m%;certification;
declaration;AOC;AOC_ALSACE;;TRANQ;AOC Alsace Grand Cru;GRDCRU;;DEFAUT;Osterberg;34;;;Gewurzt.;GW;;L387;Vins Tranquilles;3.77;1900-01-01;G;0;1900-01-01;C;;;;;;;;;;;1B030S 1;cepage;;%a% %l% %ce% %m%;certification;
declaration;AOC;AOC_ALSACE;;TRANQ;AOC Alsace Grand Cru;GRDCRU;;DEFAUT;Pfersigberg;35;;;Riesling;RI;;L387;Vins Tranquilles;3.77;1900-01-01;G;0;1900-01-01;C;;;;;;;;;;;1B031S 4;cepage;;%a% %l% %ce% %m%;certification;
declaration;AOC;AOC_ALSACE;;TRANQ;AOC Alsace Grand Cru;GRDCRU;;DEFAUT;Pfersigberg;35;;;Pinot Gris;PG;;L387;Vins Tranquilles;3.77;1900-01-01;G;0;1900-01-01;C;;;;;;;;;;;1B031S 3;cepage;;%a% %l% %ce% %m%;certification;
declaration;AOC;AOC_ALSACE;;TRANQ;AOC Alsace Grand Cru;GRDCRU;;DEFAUT;Pfersigberg;35;;;Muscat;MU;;L387;Vins Tranquilles;3.77;1900-01-01;G;0;1900-01-01;C;;;;;;;;;;;1B031S 2;cepage;;%a% %l% %ce% %m%;certification;
declaration;AOC;AOC_ALSACE;;TRANQ;AOC Alsace Grand Cru;GRDCRU;;DEFAUT;Pfersigberg;35;;;Muscat Ottonel;MO;;L387;Vins Tranquilles;3.77;1900-01-01;G;0;1900-01-01;C;;;;;;;;;;;1B031S00;cepage;;%a% %l% %ce% %m%;certification;
declaration;AOC;AOC_ALSACE;;TRANQ;AOC Alsace Grand Cru;GRDCRU;;DEFAUT;Pfersigberg;35;;;Gewurzt.;GW;;L387;Vins Tranquilles;3.77;1900-01-01;G;0;1900-01-01;C;;;;;;;;;;;1B031S 1;cepage;;%a% %l% %ce% %m%;certification;
declaration;AOC;AOC_ALSACE;;TRANQ;AOC Alsace Grand Cru;GRDCRU;;DEFAUT;Pfingstberg;36;;;Riesling;RI;;L387;Vins Tranquilles;3.77;1900-01-01;G;0;1900-01-01;C;;;;;;;;;;;1B032S 4;cepage;;%a% %l% %ce% %m%;certification;
declaration;AOC;AOC_ALSACE;;TRANQ;AOC Alsace Grand Cru;GRDCRU;;DEFAUT;Pfingstberg;36;;;Pinot Gris;PG;;L387;Vins Tranquilles;3.77;1900-01-01;G;0;1900-01-01;C;;;;;;;;;;;1B032S 3;cepage;;%a% %l% %ce% %m%;certification;
declaration;AOC;AOC_ALSACE;;TRANQ;AOC Alsace Grand Cru;GRDCRU;;DEFAUT;Pfingstberg;36;;;Muscat;MU;;L387;Vins Tranquilles;3.77;1900-01-01;G;0;1900-01-01;C;;;;;;;;;;;1B032S 2;cepage;;%a% %l% %ce% %m%;certification;
declaration;AOC;AOC_ALSACE;;TRANQ;AOC Alsace Grand Cru;GRDCRU;;DEFAUT;Pfingstberg;36;;;Muscat Ottonel;MO;;L387;Vins Tranquilles;3.77;1900-01-01;G;0;1900-01-01;C;;;;;;;;;;;1B032S00;cepage;;%a% %l% %ce% %m%;certification;
declaration;AOC;AOC_ALSACE;;TRANQ;AOC Alsace Grand Cru;GRDCRU;;DEFAUT;Pfingstberg;36;;;Gewurzt.;GW;;L387;Vins Tranquilles;3.77;1900-01-01;G;0;1900-01-01;C;;;;;;;;;;;1B032S 1;cepage;;%a% %l% %ce% %m%;certification;
declaration;AOC;AOC_ALSACE;;TRANQ;AOC Alsace Grand Cru;GRDCRU;;DEFAUT;Praelatenberg;37;;;Riesling;RI;;L387;Vins Tranquilles;3.77;1900-01-01;G;0;1900-01-01;C;;;;;;;;;;;1B033S 4;cepage;;%a% %l% %ce% %m%;certification;
declaration;AOC;AOC_ALSACE;;TRANQ;AOC Alsace Grand Cru;GRDCRU;;DEFAUT;Praelatenberg;37;;;Pinot Gris;PG;;L387;Vins Tranquilles;3.77;1900-01-01;G;0;1900-01-01;C;;;;;;;;;;;1B033S 3;cepage;;%a% %l% %ce% %m%;certification;
declaration;AOC;AOC_ALSACE;;TRANQ;AOC Alsace Grand Cru;GRDCRU;;DEFAUT;Praelatenberg;37;;;Muscat;MU;;L387;Vins Tranquilles;3.77;1900-01-01;G;0;1900-01-01;C;;;;;;;;;;;1B033S 2;cepage;;%a% %l% %ce% %m%;certification;
declaration;AOC;AOC_ALSACE;;TRANQ;AOC Alsace Grand Cru;GRDCRU;;DEFAUT;Praelatenberg;37;;;Muscat Ottonel;MO;;L387;Vins Tranquilles;3.77;1900-01-01;G;0;1900-01-01;C;;;;;;;;;;;1B033S00;cepage;;%a% %l% %ce% %m%;certification;
declaration;AOC;AOC_ALSACE;;TRANQ;AOC Alsace Grand Cru;GRDCRU;;DEFAUT;Praelatenberg;37;;;Gewurzt.;GW;;L387;Vins Tranquilles;3.77;1900-01-01;G;0;1900-01-01;C;;;;;;;;;;;1B033S 1;cepage;;%a% %l% %ce% %m%;certification;
declaration;AOC;AOC_ALSACE;;TRANQ;AOC Alsace Grand Cru;GRDCRU;;DEFAUT;Rangen;18;;;Riesling;RI;;L387;Vins Tranquilles;3.77;1900-01-01;G;0;1900-01-01;C;;;;;;;;;;;1B034S 4;cepage;;%a% %l% %ce% %m%;certification;
declaration;AOC;AOC_ALSACE;;TRANQ;AOC Alsace Grand Cru;GRDCRU;;DEFAUT;Rangen;18;;;Pinot Gris;PG;;L387;Vins Tranquilles;3.77;1900-01-01;G;0;1900-01-01;C;;;;;;;;;;;1B034S 3;cepage;;%a% %l% %ce% %m%;certification;
declaration;AOC;AOC_ALSACE;;TRANQ;AOC Alsace Grand Cru;GRDCRU;;DEFAUT;Rangen;18;;;Muscat;MU;;L387;Vins Tranquilles;3.77;1900-01-01;G;0;1900-01-01;C;;;;;;;;;;;1B034S 2;cepage;;%a% %l% %ce% %m%;certification;
declaration;AOC;AOC_ALSACE;;TRANQ;AOC Alsace Grand Cru;GRDCRU;;DEFAUT;Rangen;18;;;Muscat Ottonel;MO;;L387;Vins Tranquilles;3.77;1900-01-01;G;0;1900-01-01;C;;;;;;;;;;;1B034S00;cepage;;%a% %l% %ce% %m%;certification;
declaration;AOC;AOC_ALSACE;;TRANQ;AOC Alsace Grand Cru;GRDCRU;;DEFAUT;Rangen;18;;;Gewurzt.;GW;;L387;Vins Tranquilles;3.77;1900-01-01;G;0;1900-01-01;C;;;;;;;;;;;1B034S 1;cepage;;%a% %l% %ce% %m%;certification;
declaration;AOC;AOC_ALSACE;;TRANQ;AOC Alsace Grand Cru;GRDCRU;;DEFAUT;Rosacker;19;;;Riesling;RI;;L387;Vins Tranquilles;3.77;1900-01-01;G;0;1900-01-01;C;;;;;;;;;;;1B035S 4;cepage;;%a% %l% %ce% %m%;certification;
declaration;AOC;AOC_ALSACE;;TRANQ;AOC Alsace Grand Cru;GRDCRU;;DEFAUT;Rosacker;19;;;Pinot Gris;PG;;L387;Vins Tranquilles;3.77;1900-01-01;G;0;1900-01-01;C;;;;;;;;;;;1B035S 3;cepage;;%a% %l% %ce% %m%;certification;
declaration;AOC;AOC_ALSACE;;TRANQ;AOC Alsace Grand Cru;GRDCRU;;DEFAUT;Rosacker;19;;;Muscat;MU;;L387;Vins Tranquilles;3.77;1900-01-01;G;0;1900-01-01;C;;;;;;;;;;;1B035S 2;cepage;;%a% %l% %ce% %m%;certification;
declaration;AOC;AOC_ALSACE;;TRANQ;AOC Alsace Grand Cru;GRDCRU;;DEFAUT;Rosacker;19;;;Muscat Ottonel;MO;;L387;Vins Tranquilles;3.77;1900-01-01;G;0;1900-01-01;C;;;;;;;;;;;1B035S00;cepage;;%a% %l% %ce% %m%;certification;
declaration;AOC;AOC_ALSACE;;TRANQ;AOC Alsace Grand Cru;GRDCRU;;DEFAUT;Rosacker;19;;;Gewurzt.;GW;;L387;Vins Tranquilles;3.77;1900-01-01;G;0;1900-01-01;C;;;;;;;;;;;1B035S 1;cepage;;%a% %l% %ce% %m%;certification;
declaration;AOC;AOC_ALSACE;;TRANQ;AOC Alsace Grand Cru;GRDCRU;;DEFAUT;Saering;20;;;Riesling;RI;;L387;Vins Tranquilles;3.77;1900-01-01;G;0;1900-01-01;C;;;;;;;;;;;1B036S 4;cepage;;%a% %l% %ce% %m%;certification;
declaration;AOC;AOC_ALSACE;;TRANQ;AOC Alsace Grand Cru;GRDCRU;;DEFAUT;Saering;20;;;Pinot Gris;PG;;L387;Vins Tranquilles;3.77;1900-01-01;G;0;1900-01-01;C;;;;;;;;;;;1B036S 3;cepage;;%a% %l% %ce% %m%;certification;
declaration;AOC;AOC_ALSACE;;TRANQ;AOC Alsace Grand Cru;GRDCRU;;DEFAUT;Saering;20;;;Muscat;MU;;L387;Vins Tranquilles;3.77;1900-01-01;G;0;1900-01-01;C;;;;;;;;;;;1B036S 2;cepage;;%a% %l% %ce% %m%;certification;
declaration;AOC;AOC_ALSACE;;TRANQ;AOC Alsace Grand Cru;GRDCRU;;DEFAUT;Saering;20;;;Muscat Ottonel;MO;;L387;Vins Tranquilles;3.77;1900-01-01;G;0;1900-01-01;C;;;;;;;;;;;1B036S00;cepage;;%a% %l% %ce% %m%;certification;
declaration;AOC;AOC_ALSACE;;TRANQ;AOC Alsace Grand Cru;GRDCRU;;DEFAUT;Saering;20;;;Gewurzt.;GW;;L387;Vins Tranquilles;3.77;1900-01-01;G;0;1900-01-01;C;;;;;;;;;;;1B036S 1;cepage;;%a% %l% %ce% %m%;certification;
declaration;AOC;AOC_ALSACE;;TRANQ;AOC Alsace Grand Cru;GRDCRU;;DEFAUT;Schlossberg;21;;;Riesling;RI;;L387;Vins Tranquilles;3.77;1900-01-01;G;0;1900-01-01;C;;;;;;;;;;;1B037S 4;cepage;;%a% %l% %ce% %m%;certification;
declaration;AOC;AOC_ALSACE;;TRANQ;AOC Alsace Grand Cru;GRDCRU;;DEFAUT;Schlossberg;21;;;Pinot Gris;PG;;L387;Vins Tranquilles;3.77;1900-01-01;G;0;1900-01-01;C;;;;;;;;;;;1B037S 3;cepage;;%a% %l% %ce% %m%;certification;
declaration;AOC;AOC_ALSACE;;TRANQ;AOC Alsace Grand Cru;GRDCRU;;DEFAUT;Schlossberg;21;;;Muscat;MU;;L387;Vins Tranquilles;3.77;1900-01-01;G;0;1900-01-01;C;;;;;;;;;;;1B037S 2;cepage;;%a% %l% %ce% %m%;certification;
declaration;AOC;AOC_ALSACE;;TRANQ;AOC Alsace Grand Cru;GRDCRU;;DEFAUT;Schlossberg;21;;;Muscat Ottonel;MO;;L387;Vins Tranquilles;3.77;1900-01-01;G;0;1900-01-01;C;;;;;;;;;;;1B037S00;cepage;;%a% %l% %ce% %m%;certification;
declaration;AOC;AOC_ALSACE;;TRANQ;AOC Alsace Grand Cru;GRDCRU;;DEFAUT;Schlossberg;21;;;Gewurzt.;GW;;L387;Vins Tranquilles;3.77;1900-01-01;G;0;1900-01-01;C;;;;;;;;;;;1B037S 1;cepage;;%a% %l% %ce% %m%;certification;
declaration;AOC;AOC_ALSACE;;TRANQ;AOC Alsace Grand Cru;GRDCRU;;DEFAUT;Schoenenbourg;38;;;Riesling;RI;;L387;Vins Tranquilles;3.77;1900-01-01;G;0;1900-01-01;C;;;;;;;;;;;1B038S 4;cepage;;%a% %l% %ce% %m%;certification;
declaration;AOC;AOC_ALSACE;;TRANQ;AOC Alsace Grand Cru;GRDCRU;;DEFAUT;Schoenenbourg;38;;;Pinot Gris;PG;;L387;Vins Tranquilles;3.77;1900-01-01;G;0;1900-01-01;C;;;;;;;;;;;1B038S 3;cepage;;%a% %l% %ce% %m%;certification;
declaration;AOC;AOC_ALSACE;;TRANQ;AOC Alsace Grand Cru;GRDCRU;;DEFAUT;Schoenenbourg;38;;;Muscat;MU;;L387;Vins Tranquilles;3.77;1900-01-01;G;0;1900-01-01;C;;;;;;;;;;;1B038S 2;cepage;;%a% %l% %ce% %m%;certification;
declaration;AOC;AOC_ALSACE;;TRANQ;AOC Alsace Grand Cru;GRDCRU;;DEFAUT;Schoenenbourg;38;;;Muscat Ottonel;MO;;L387;Vins Tranquilles;3.77;1900-01-01;G;0;1900-01-01;C;;;;;;;;;;;1B038S00;cepage;;%a% %l% %ce% %m%;certification;
declaration;AOC;AOC_ALSACE;;TRANQ;AOC Alsace Grand Cru;GRDCRU;;DEFAUT;Schoenenbourg;38;;;Gewurzt.;GW;;L387;Vins Tranquilles;3.77;1900-01-01;G;0;1900-01-01;C;;;;;;;;;;;1B038S 1;cepage;;%a% %l% %ce% %m%;certification;
declaration;AOC;AOC_ALSACE;;TRANQ;AOC Alsace Grand Cru;GRDCRU;;DEFAUT;Sommerberg;22;;;Riesling;RI;;L387;Vins Tranquilles;3.77;1900-01-01;G;0;1900-01-01;C;;;;;;;;;;;1B039S 4;cepage;;%a% %l% %ce% %m%;certification;
declaration;AOC;AOC_ALSACE;;TRANQ;AOC Alsace Grand Cru;GRDCRU;;DEFAUT;Sommerberg;22;;;Pinot Gris;PG;;L387;Vins Tranquilles;3.77;1900-01-01;G;0;1900-01-01;C;;;;;;;;;;;1B039S 3;cepage;;%a% %l% %ce% %m%;certification;
declaration;AOC;AOC_ALSACE;;TRANQ;AOC Alsace Grand Cru;GRDCRU;;DEFAUT;Sommerberg;22;;;Muscat;MU;;L387;Vins Tranquilles;3.77;1900-01-01;G;0;1900-01-01;C;;;;;;;;;;;1B039S 2;cepage;;%a% %l% %ce% %m%;certification;
declaration;AOC;AOC_ALSACE;;TRANQ;AOC Alsace Grand Cru;GRDCRU;;DEFAUT;Sommerberg;22;;;Muscat Ottonel;MO;;L387;Vins Tranquilles;3.77;1900-01-01;G;0;1900-01-01;C;;;;;;;;;;;1B039S00;cepage;;%a% %l% %ce% %m%;certification;
declaration;AOC;AOC_ALSACE;;TRANQ;AOC Alsace Grand Cru;GRDCRU;;DEFAUT;Sommerberg;22;;;Gewurzt.;GW;;L387;Vins Tranquilles;3.77;1900-01-01;G;0;1900-01-01;C;;;;;;;;;;;1B039S 1;cepage;;%a% %l% %ce% %m%;certification;
declaration;AOC;AOC_ALSACE;;TRANQ;AOC Alsace Grand Cru;GRDCRU;;DEFAUT;Sonnenglanz;23;;;Riesling;RI;;L387;Vins Tranquilles;3.77;1900-01-01;G;0;1900-01-01;C;;;;;;;;;;;1B040S 4;cepage;;%a% %l% %ce% %m%;certification;
declaration;AOC;AOC_ALSACE;;TRANQ;AOC Alsace Grand Cru;GRDCRU;;DEFAUT;Sonnenglanz;23;;;Pinot Gris;PG;;L387;Vins Tranquilles;3.77;1900-01-01;G;0;1900-01-01;C;;;;;;;;;;;1B040S 3;cepage;;%a% %l% %ce% %m%;certification;
declaration;AOC;AOC_ALSACE;;TRANQ;AOC Alsace Grand Cru;GRDCRU;;DEFAUT;Sonnenglanz;23;;;Muscat;MU;;L387;Vins Tranquilles;3.77;1900-01-01;G;0;1900-01-01;C;;;;;;;;;;;1B040S 2;cepage;;%a% %l% %ce% %m%;certification;
declaration;AOC;AOC_ALSACE;;TRANQ;AOC Alsace Grand Cru;GRDCRU;;DEFAUT;Sonnenglanz;23;;;Muscat Ottonel;MO;;L387;Vins Tranquilles;3.77;1900-01-01;G;0;1900-01-01;C;;;;;;;;;;;1B040S00;cepage;;%a% %l% %ce% %m%;certification;
declaration;AOC;AOC_ALSACE;;TRANQ;AOC Alsace Grand Cru;GRDCRU;;DEFAUT;Sonnenglanz;23;;;Gewurzt.;GW;;L387;Vins Tranquilles;3.77;1900-01-01;G;0;1900-01-01;C;;;;;;;;;;;1B040S 1;cepage;;%a% %l% %ce% %m%;certification;
declaration;AOC;AOC_ALSACE;;TRANQ;AOC Alsace Grand Cru;GRDCRU;;DEFAUT;Spiegel;24;;;Riesling;RI;;L387;Vins Tranquilles;3.77;1900-01-01;G;0;1900-01-01;C;;;;;;;;;;;1B041S 4;cepage;;%a% %l% %ce% %m%;certification;
declaration;AOC;AOC_ALSACE;;TRANQ;AOC Alsace Grand Cru;GRDCRU;;DEFAUT;Spiegel;24;;;Pinot Gris;PG;;L387;Vins Tranquilles;3.77;1900-01-01;G;0;1900-01-01;C;;;;;;;;;;;1B041S 3;cepage;;%a% %l% %ce% %m%;certification;
declaration;AOC;AOC_ALSACE;;TRANQ;AOC Alsace Grand Cru;GRDCRU;;DEFAUT;Spiegel;24;;;Muscat;MU;;L387;Vins Tranquilles;3.77;1900-01-01;G;0;1900-01-01;C;;;;;;;;;;;1B041S 2;cepage;;%a% %l% %ce% %m%;certification;
declaration;AOC;AOC_ALSACE;;TRANQ;AOC Alsace Grand Cru;GRDCRU;;DEFAUT;Spiegel;24;;;Muscat Ottonel;MO;;L387;Vins Tranquilles;3.77;1900-01-01;G;0;1900-01-01;C;;;;;;;;;;;1B041S00;cepage;;%a% %l% %ce% %m%;certification;
declaration;AOC;AOC_ALSACE;;TRANQ;AOC Alsace Grand Cru;GRDCRU;;DEFAUT;Spiegel;24;;;Gewurzt.;GW;;L387;Vins Tranquilles;3.77;1900-01-01;G;0;1900-01-01;C;;;;;;;;;;;1B041S 1;cepage;;%a% %l% %ce% %m%;certification;
declaration;AOC;AOC_ALSACE;;TRANQ;AOC Alsace Grand Cru;GRDCRU;;DEFAUT;Sporen;39;;;Riesling;RI;;L387;Vins Tranquilles;3.77;1900-01-01;G;0;1900-01-01;C;;;;;;;;;;;1B042S 4;cepage;;%a% %l% %ce% %m%;certification;
declaration;AOC;AOC_ALSACE;;TRANQ;AOC Alsace Grand Cru;GRDCRU;;DEFAUT;Sporen;39;;;Pinot Gris;PG;;L387;Vins Tranquilles;3.77;1900-01-01;G;0;1900-01-01;C;;;;;;;;;;;1B042S 3;cepage;;%a% %l% %ce% %m%;certification;
declaration;AOC;AOC_ALSACE;;TRANQ;AOC Alsace Grand Cru;GRDCRU;;DEFAUT;Sporen;39;;;Muscat;MU;;L387;Vins Tranquilles;3.77;1900-01-01;G;0;1900-01-01;C;;;;;;;;;;;1B042S 2;cepage;;%a% %l% %ce% %m%;certification;
declaration;AOC;AOC_ALSACE;;TRANQ;AOC Alsace Grand Cru;GRDCRU;;DEFAUT;Sporen;39;;;Muscat Ottonel;MO;;L387;Vins Tranquilles;3.77;1900-01-01;G;0;1900-01-01;C;;;;;;;;;;;1B042S00;cepage;;%a% %l% %ce% %m%;certification;
declaration;AOC;AOC_ALSACE;;TRANQ;AOC Alsace Grand Cru;GRDCRU;;DEFAUT;Sporen;39;;;Gewurzt.;GW;;L387;Vins Tranquilles;3.77;1900-01-01;G;0;1900-01-01;C;;;;;;;;;;;1B042S 1;cepage;;%a% %l% %ce% %m%;certification;
declaration;AOC;AOC_ALSACE;;TRANQ;AOC Alsace Grand Cru;GRDCRU;;DEFAUT;Steinert;40;;;Riesling;RI;;L387;Vins Tranquilles;3.77;1900-01-01;G;0;1900-01-01;C;;;;;;;;;;;1B043S 4;cepage;;%a% %l% %ce% %m%;certification;
declaration;AOC;AOC_ALSACE;;TRANQ;AOC Alsace Grand Cru;GRDCRU;;DEFAUT;Steinert;40;;;Pinot Gris;PG;;L387;Vins Tranquilles;3.77;1900-01-01;G;0;1900-01-01;C;;;;;;;;;;;1B043S 3;cepage;;%a% %l% %ce% %m%;certification;
declaration;AOC;AOC_ALSACE;;TRANQ;AOC Alsace Grand Cru;GRDCRU;;DEFAUT;Steinert;40;;;Muscat;MU;;L387;Vins Tranquilles;3.77;1900-01-01;G;0;1900-01-01;C;;;;;;;;;;;1B043S 2;cepage;;%a% %l% %ce% %m%;certification;
declaration;AOC;AOC_ALSACE;;TRANQ;AOC Alsace Grand Cru;GRDCRU;;DEFAUT;Steinert;40;;;Muscat Ottonel;MO;;L387;Vins Tranquilles;3.77;1900-01-01;G;0;1900-01-01;C;;;;;;;;;;;1B043S00;cepage;;%a% %l% %ce% %m%;certification;
declaration;AOC;AOC_ALSACE;;TRANQ;AOC Alsace Grand Cru;GRDCRU;;DEFAUT;Steinert;40;;;Gewurzt.;GW;;L387;Vins Tranquilles;3.77;1900-01-01;G;0;1900-01-01;C;;;;;;;;;;;1B043S 1;cepage;;%a% %l% %ce% %m%;certification;
declaration;AOC;AOC_ALSACE;;TRANQ;AOC Alsace Grand Cru;GRDCRU;;DEFAUT;Steingrubler;41;;;Riesling;RI;;L387;Vins Tranquilles;3.77;1900-01-01;G;0;1900-01-01;C;;;;;;;;;;;1B044S 4;cepage;;%a% %l% %ce% %m%;certification;
declaration;AOC;AOC_ALSACE;;TRANQ;AOC Alsace Grand Cru;GRDCRU;;DEFAUT;Steingrubler;41;;;Pinot Gris;PG;;L387;Vins Tranquilles;3.77;1900-01-01;G;0;1900-01-01;C;;;;;;;;;;;1B044S 3;cepage;;%a% %l% %ce% %m%;certification;
declaration;AOC;AOC_ALSACE;;TRANQ;AOC Alsace Grand Cru;GRDCRU;;DEFAUT;Steingrubler;41;;;Muscat;MU;;L387;Vins Tranquilles;3.77;1900-01-01;G;0;1900-01-01;C;;;;;;;;;;;1B044S 2;cepage;;%a% %l% %ce% %m%;certification;
declaration;AOC;AOC_ALSACE;;TRANQ;AOC Alsace Grand Cru;GRDCRU;;DEFAUT;Steingrubler;41;;;Muscat Ottonel;MO;;L387;Vins Tranquilles;3.77;1900-01-01;G;0;1900-01-01;C;;;;;;;;;;;1B044S00;cepage;;%a% %l% %ce% %m%;certification;
declaration;AOC;AOC_ALSACE;;TRANQ;AOC Alsace Grand Cru;GRDCRU;;DEFAUT;Steingrubler;41;;;Gewurzt.;GW;;L387;Vins Tranquilles;3.77;1900-01-01;G;0;1900-01-01;C;;;;;;;;;;;1B044S 1;cepage;;%a% %l% %ce% %m%;certification;
declaration;AOC;AOC_ALSACE;;TRANQ;AOC Alsace Grand Cru;GRDCRU;;DEFAUT;Steinklotz;42;;;Riesling;RI;;L387;Vins Tranquilles;3.77;1900-01-01;G;0;1900-01-01;C;;;;;;;;;;;1B045S 4;cepage;;%a% %l% %ce% %m%;certification;
declaration;AOC;AOC_ALSACE;;TRANQ;AOC Alsace Grand Cru;GRDCRU;;DEFAUT;Steinklotz;42;;;Pinot Gris;PG;;L387;Vins Tranquilles;3.77;1900-01-01;G;0;1900-01-01;C;;;;;;;;;;;1B045S 3;cepage;;%a% %l% %ce% %m%;certification;
declaration;AOC;AOC_ALSACE;;TRANQ;AOC Alsace Grand Cru;GRDCRU;;DEFAUT;Steinklotz;42;;;Muscat;MU;;L387;Vins Tranquilles;3.77;1900-01-01;G;0;1900-01-01;C;;;;;;;;;;;1B045S 2;cepage;;%a% %l% %ce% %m%;certification;
declaration;AOC;AOC_ALSACE;;TRANQ;AOC Alsace Grand Cru;GRDCRU;;DEFAUT;Steinklotz;42;;;Muscat Ottonel;MO;;L387;Vins Tranquilles;3.77;1900-01-01;G;0;1900-01-01;C;;;;;;;;;;;1B045S00;cepage;;%a% %l% %ce% %m%;certification;
declaration;AOC;AOC_ALSACE;;TRANQ;AOC Alsace Grand Cru;GRDCRU;;DEFAUT;Steinklotz;42;;;Gewurzt.;GW;;L387;Vins Tranquilles;3.77;1900-01-01;G;0;1900-01-01;C;;;;;;;;;;;1B045S 1;cepage;;%a% %l% %ce% %m%;certification;
declaration;AOC;AOC_ALSACE;;TRANQ;AOC Alsace Grand Cru;GRDCRU;;DEFAUT;Vorbourg;43;;;Riesling;RI;;L387;Vins Tranquilles;3.77;1900-01-01;G;0;1900-01-01;C;;;;;;;;;;;1B046S 4;cepage;;%a% %l% %ce% %m%;certification;
declaration;AOC;AOC_ALSACE;;TRANQ;AOC Alsace Grand Cru;GRDCRU;;DEFAUT;Vorbourg;43;;;Pinot Gris;PG;;L387;Vins Tranquilles;3.77;1900-01-01;G;0;1900-01-01;C;;;;;;;;;;;1B046S 3;cepage;;%a% %l% %ce% %m%;certification;
declaration;AOC;AOC_ALSACE;;TRANQ;AOC Alsace Grand Cru;GRDCRU;;DEFAUT;Vorbourg;43;;;Muscat;MU;;L387;Vins Tranquilles;3.77;1900-01-01;G;0;1900-01-01;C;;;;;;;;;;;1B046S 2;cepage;;%a% %l% %ce% %m%;certification;
declaration;AOC;AOC_ALSACE;;TRANQ;AOC Alsace Grand Cru;GRDCRU;;DEFAUT;Vorbourg;43;;;Muscat Ottonel;MO;;L387;Vins Tranquilles;3.77;1900-01-01;G;0;1900-01-01;C;;;;;;;;;;;1B046S00;cepage;;%a% %l% %ce% %m%;certification;
declaration;AOC;AOC_ALSACE;;TRANQ;AOC Alsace Grand Cru;GRDCRU;;DEFAUT;Vorbourg;43;;;Gewurzt.;GW;;L387;Vins Tranquilles;3.77;1900-01-01;G;0;1900-01-01;C;;;;;;;;;;;1B046S 1;cepage;;%a% %l% %ce% %m%;certification;
declaration;AOC;AOC_ALSACE;;TRANQ;AOC Alsace Grand Cru;GRDCRU;;DEFAUT;Wiebelsberg;25;;;Riesling;RI;;L387;Vins Tranquilles;3.77;1900-01-01;G;0;1900-01-01;C;;;;;;;;;;;1B047S 4;cepage;;%a% %l% %ce% %m%;certification;
declaration;AOC;AOC_ALSACE;;TRANQ;AOC Alsace Grand Cru;GRDCRU;;DEFAUT;Wiebelsberg;25;;;Pinot Gris;PG;;L387;Vins Tranquilles;3.77;1900-01-01;G;0;1900-01-01;C;;;;;;;;;;;1B047S 3;cepage;;%a% %l% %ce% %m%;certification;
declaration;AOC;AOC_ALSACE;;TRANQ;AOC Alsace Grand Cru;GRDCRU;;DEFAUT;Wiebelsberg;25;;;Muscat;MU;;L387;Vins Tranquilles;3.77;1900-01-01;G;0;1900-01-01;C;;;;;;;;;;;1B047S 2;cepage;;%a% %l% %ce% %m%;certification;
declaration;AOC;AOC_ALSACE;;TRANQ;AOC Alsace Grand Cru;GRDCRU;;DEFAUT;Wiebelsberg;25;;;Muscat Ottonel;MO;;L387;Vins Tranquilles;3.77;1900-01-01;G;0;1900-01-01;C;;;;;;;;;;;1B047S00;cepage;;%a% %l% %ce% %m%;certification;
declaration;AOC;AOC_ALSACE;;TRANQ;AOC Alsace Grand Cru;GRDCRU;;DEFAUT;Wiebelsberg;25;;;Gewurzt.;GW;;L387;Vins Tranquilles;3.77;1900-01-01;G;0;1900-01-01;C;;;;;;;;;;;1B047S 1;cepage;;%a% %l% %ce% %m%;certification;
declaration;AOC;AOC_ALSACE;;TRANQ;AOC Alsace Grand Cru;GRDCRU;;DEFAUT;Wineck-Schlossberg;44;;;Riesling;RI;;L387;Vins Tranquilles;3.77;1900-01-01;G;0;1900-01-01;C;;;;;;;;;;;1B048S 4;cepage;;%a% %l% %ce% %m%;certification;
declaration;AOC;AOC_ALSACE;;TRANQ;AOC Alsace Grand Cru;GRDCRU;;DEFAUT;Wineck-Schlossberg;44;;;Pinot Gris;PG;;L387;Vins Tranquilles;3.77;1900-01-01;G;0;1900-01-01;C;;;;;;;;;;;1B048S 3;cepage;;%a% %l% %ce% %m%;certification;
declaration;AOC;AOC_ALSACE;;TRANQ;AOC Alsace Grand Cru;GRDCRU;;DEFAUT;Wineck-Schlossberg;44;;;Muscat;MU;;L387;Vins Tranquilles;3.77;1900-01-01;G;0;1900-01-01;C;;;;;;;;;;;1B048S 2;cepage;;%a% %l% %ce% %m%;certification;
declaration;AOC;AOC_ALSACE;;TRANQ;AOC Alsace Grand Cru;GRDCRU;;DEFAUT;Wineck-Schlossberg;44;;;Muscat Ottonel;MO;;L387;Vins Tranquilles;3.77;1900-01-01;G;0;1900-01-01;C;;;;;;;;;;;1B048S00;cepage;;%a% %l% %ce% %m%;certification;
declaration;AOC;AOC_ALSACE;;TRANQ;AOC Alsace Grand Cru;GRDCRU;;DEFAUT;Wineck-Schlossberg;44;;;Gewurzt.;GW;;L387;Vins Tranquilles;3.77;1900-01-01;G;0;1900-01-01;C;;;;;;;;;;;1B048S 1;cepage;;%a% %l% %ce% %m%;certification;
declaration;AOC;AOC_ALSACE;;TRANQ;AOC Alsace Grand Cru;GRDCRU;;DEFAUT;Winzenberg;45;;;Riesling;RI;;L387;Vins Tranquilles;3.77;1900-01-01;G;0;1900-01-01;C;;;;;;;;;;;1B049S 4;cepage;;%a% %l% %ce% %m%;certification;
declaration;AOC;AOC_ALSACE;;TRANQ;AOC Alsace Grand Cru;GRDCRU;;DEFAUT;Winzenberg;45;;;Pinot Gris;PG;;L387;Vins Tranquilles;3.77;1900-01-01;G;0;1900-01-01;C;;;;;;;;;;;1B049S 3;cepage;;%a% %l% %ce% %m%;certification;
declaration;AOC;AOC_ALSACE;;TRANQ;AOC Alsace Grand Cru;GRDCRU;;DEFAUT;Winzenberg;45;;;Muscat;MU;;L387;Vins Tranquilles;3.77;1900-01-01;G;0;1900-01-01;C;;;;;;;;;;;1B049S 2;cepage;;%a% %l% %ce% %m%;certification;
declaration;AOC;AOC_ALSACE;;TRANQ;AOC Alsace Grand Cru;GRDCRU;;DEFAUT;Winzenberg;45;;;Muscat Ottonel;MO;;L387;Vins Tranquilles;3.77;1900-01-01;G;0;1900-01-01;C;;;;;;;;;;;1B049S00;cepage;;%a% %l% %ce% %m%;certification;
declaration;AOC;AOC_ALSACE;;TRANQ;AOC Alsace Grand Cru;GRDCRU;;DEFAUT;Winzenberg;45;;;Gewurzt.;GW;;L387;Vins Tranquilles;3.77;1900-01-01;G;0;1900-01-01;C;;;;;;;;;;;1B049S 1;cepage;;%a% %l% %ce% %m%;certification;
declaration;AOC;AOC_ALSACE;;TRANQ;AOC Alsace Grand Cru;GRDCRU;;DEFAUT;Zinnkoepfle;46;;;Riesling;RI;;L387;Vins Tranquilles;3.77;1900-01-01;G;0;1900-01-01;C;;;;;;;;;;;1B050S 4;cepage;;%a% %l% %ce% %m%;certification;
declaration;AOC;AOC_ALSACE;;TRANQ;AOC Alsace Grand Cru;GRDCRU;;DEFAUT;Zinnkoepfle;46;;;Pinot Gris;PG;;L387;Vins Tranquilles;3.77;1900-01-01;G;0;1900-01-01;C;;;;;;;;;;;1B050S 3;cepage;;%a% %l% %ce% %m%;certification;
declaration;AOC;AOC_ALSACE;;TRANQ;AOC Alsace Grand Cru;GRDCRU;;DEFAUT;Zinnkoepfle;46;;;Muscat;MU;;L387;Vins Tranquilles;3.77;1900-01-01;G;0;1900-01-01;C;;;;;;;;;;;1B050S 2;cepage;;%a% %l% %ce% %m%;certification;
declaration;AOC;AOC_ALSACE;;TRANQ;AOC Alsace Grand Cru;GRDCRU;;DEFAUT;Zinnkoepfle;46;;;Muscat Ottonel;MO;;L387;Vins Tranquilles;3.77;1900-01-01;G;0;1900-01-01;C;;;;;;;;;;;1B050S00;cepage;;%a% %l% %ce% %m%;certification;
declaration;AOC;AOC_ALSACE;;TRANQ;AOC Alsace Grand Cru;GRDCRU;;DEFAUT;Zinnkoepfle;46;;;Gewurzt.;GW;;L387;Vins Tranquilles;3.77;1900-01-01;G;0;1900-01-01;C;;;;;;;;;;;1B050S 1;cepage;;%a% %l% %ce% %m%;certification;
declaration;AOC;AOC_ALSACE;;TRANQ;AOC Alsace Grand Cru;GRDCRU;;DEFAUT;Zotzenberg;47;;;Sylvaner;SY;;L387;Vins Tranquilles;3.77;1900-01-01;G;0;1900-01-01;C;;;;;;;;;;;1B051S 8;cepage;;%a% %l% %ce% %m%;certification;
declaration;AOC;AOC_ALSACE;;TRANQ;AOC Alsace Grand Cru;GRDCRU;;DEFAUT;Zotzenberg;47;;;Riesling;RI;;L387;Vins Tranquilles;3.77;1900-01-01;G;0;1900-01-01;C;;;;;;;;;;;1B051S 4;cepage;;%a% %l% %ce% %m%;certification;
declaration;AOC;AOC_ALSACE;;TRANQ;AOC Alsace Grand Cru;GRDCRU;;DEFAUT;Zotzenberg;47;;;Pinot Gris;PG;;L387;Vins Tranquilles;3.77;1900-01-01;G;0;1900-01-01;C;;;;;;;;;;;1B051S 3;cepage;;%a% %l% %ce% %m%;certification;
declaration;AOC;AOC_ALSACE;;TRANQ;AOC Alsace Grand Cru;GRDCRU;;DEFAUT;Zotzenberg;47;;;Gewurzt.;GW;;L387;Vins Tranquilles;3.77;1900-01-01;G;0;1900-01-01;C;;;;;;;;;;;1B051S 1;cepage;;%a% %l% %ce% %m%;certification;
declaration;AOC;AOC_ALSACE;;TRANQ;AOC Alsace Pinot noir;PINOTNOIR;;DEFAUT;;;;;Pinot noir;PN;;L387;Vins Tranquilles;3.77;1900-01-01;G;0;1900-01-01;C;;;;;;;;;;;1S001S 1;cepage;;%a% %l% %ce% %m%;certification;
declaration;AOC;AOC_ALSACE;;TRANQ;AOC Alsace PN rouge;PINOTNOIRROUGE;;DEFAUT;;;;;Pinot noir;PR;;L387;Vins Tranquilles;3.77;1900-01-01;G;0;1900-01-01;C;;;;;;;;;;;1R001S 1;cepage;;%a% %l% %ce% %m%;certification;
declaration;AOC;AOC_ALSACE;;EFF;AOC Crémant d'Alsace;CREMANT;;DEFAUT;;;;;Pinot Blanc;PB;;L385;Vins Mousseux;9.33;1900-01-01;G;0;1900-01-01;C;;;;;;;;;;;1B001M07;cepage;;%a% %l% %ce% %m%;certification;
declaration;AOC;AOC_ALSACE;;EFF;AOC Crémant d'Alsace;CREMANT;;DEFAUT;;;;;Chardonnay;CD;;L385;Vins Mousseux;9.33;1900-01-01;G;0;1900-01-01;C;;;;;;;;;;;1B001M01;cepage;;%a% %l% %ce% %m%;certification;
declaration;AOC;AOC_ALSACE;;EFF;AOC Crémant d'Alsace;CREMANT;;DEFAUT;;;;;Pinot Noir Blanc;BN;;L385;Vins Mousseux;9.33;1900-01-01;G;0;1900-01-01;C;;;;;;;;;;;1B001M06;cepage;;%a% %l% %ce% %m%;certification;
declaration;AOC;AOC_ALSACE;;EFF;AOC Crémant d'Alsace;CREMANT;;DEFAUT;;;;;Riesling;RI;;L385;Vins Mousseux;9.33;1900-01-01;G;0;1900-01-01;C;;;;;;;;;;;1B001M04;cepage;;%a% %l% %ce% %m%;certification;
declaration;AOC;AOC_ALSACE;;EFF;AOC Crémant d'Alsace;CREMANT;;DEFAUT;;;;;Pinot Gris;PG;;L385;Vins Mousseux;9.33;1900-01-01;G;0;1900-01-01;C;;;;;;;;;;;1B001M03;cepage;;%a% %l% %ce% %m%;certification;
declaration;AOC;AOC_ALSACE;;EFF;AOC Crémant d'Alsace;CREMANT;;DEFAUT;;;;;Pinot Noir Rosé;PN;;L385;Vins Mousseux;9.33;1900-01-01;G;0;1900-01-01;C;;;;;;;;;;;1S001M ;cepage;;%a% %l% %ce% %m%;certification;
declaration;AOC;AOC_ALSACE;;EFF;AOC Crémant d'Alsace;CREMANT;;DEFAUT;;;;;Rebêches;RB;;L385;Vins Mousseux;9.33;1900-01-01;G;0;1900-01-01;C;;;;;;;;;;;4B999B;cepage;;%a% %l% %ce% %m%;certification;
declaration;AOC;AOC_ALSACE;;EFF;AOC Crémant d'Alsace;CREMANT;;DEFAUT;;;;;Blanc;BL;;L385;Vins Mousseux;9.33;1900-01-01;G;0;1900-01-01;C;;;;;;;;;;;1B001M ;cepage;;%a% %l% %ce% %m%;certification;
declaration;AOC;AOC_ALSACE;;EFF;AOC Crémant d'Alsace;CREMANT;;DEFAUT;;;;;Rosé;RS;;L385;Vins Mousseux;9.33;1900-01-01;G;0;1900-01-01;C;;;;;;;;;;;1S001M ;cepage;;%a% %l% %ce% %m%;certification;
declaration;Vins sans IG;VINSSIG;;TRANQ;Vins sans IG;VINTABLE;;DEFAUT;;;;;Blanc;BL;;L387;Vins Tranquilles;3.77;1900-01-01;G;0;1900-01-01;C;;;;;;;;;;;4B999;cepage;;%a% %l% %ce% %m%;certification;
declaration;Vins sans IG;VINSSIG;;TRANQ;Vins sans IG;VINTABLE;;DEFAUT;;;;;Rosé;RS;;L387;Vins Tranquilles;3.77;1900-01-01;G;0;1900-01-01;C;;;;;;;;;;;4S999;cepage;;%a% %l% %ce% %m%;certification;
declaration;Vins sans IG;VINSSIG;;TRANQ;Vins sans IG;VINTABLE;;DEFAUT;;;;;Rouge;RG;;L387;Vins Tranquilles;3.77;1900-01-01;G;0;1900-01-01;C;;;;;;;;;;;4R999;cepage;;%a% %l% %ce% %m%;certification;
